date,total,O,A,B,AB
2016-01-01,14304,2558,2910,6759,2077
2016-01-02,15410,2885,3248,7025,2252
2016-01-03,15093,2823,3054,6999,2217
2016-01-04,14255,2645,2942,6618,2050
2016-01-05,12254,2244,2519,5871,1620
2016-01-06,11271,2229,2439,5188,1415
2016-01-07,12243,2866,3335,4653,1389
2016-01-08,12836,2980,3235,5013,1608
2016-01-09,15919,3614,4060,6257,1988
2016-01-10,17631,4015,4610,6946,2060
2016-01-11,17023,3673,4270,7044,2036
2016-01-12,16057,3447,4000,6809,1801
2016-01-13,15904,3572,3848,6790,1694
2016-01-14,15588,3558,3771,6622,1637
2016-01-15,16579,3856,4250,6751,1722
2016-01-16,18164,4175,4594,7456,1939
2016-01-17,19457,4384,5019,7951,2103
2016-01-18,19092,4239,4991,7851,2011
2016-01-19,17744,3857,4627,7413,1847
2016-01-20,18091,3843,4787,7640,1821
2016-01-21,17791,3811,4639,7613,1728
2016-01-22,18401,3962,4983,7670,1786
2016-01-23,19978,4338,5548,8135,1957
2016-01-24,20559,4552,5723,8358,1926
2016-01-25,20714,4665,5692,8377,1980
2016-01-26,19458,4324,5141,8191,1802
2016-01-27,19464,4408,5217,8000,1839
2016-01-28,20028,4567,5292,8145,2024
2016-01-29,20532,4758,5623,7995,2156
2016-01-30,23762,5709,6768,8791,2494
2016-01-31,25333,6267,7403,9082,2581
2016-02-01,25424,6261,7531,9052,2580
2016-02-02,24560,6141,7150,8774,2495
2016-02-03,24873,6206,7300,8966,2401
2016-02-04,24713,5991,7227,9048,2447
2016-02-05,24129,5861,7046,8887,2335
2016-02-06,25615,6318,7647,9212,2438
2016-02-07,24077,5924,7108,8807,2238
2016-02-08,22268,5458,6514,8286,2010
2016-02-09,21634,5279,6326,8138,1891
2016-02-10,21233,5313,6079,8000,1841
2016-02-11,20270,4986,5860,7574,1850
2016-02-12,18356,4627,5209,6905,1615
2016-02-13,18787,4570,5541,6975,1701
2016-02-14,18979,4691,5650,6951,1687
2016-02-15,16519,4023,4886,6098,1512
2016-02-16,14553,3362,4361,5462,1368
2016-02-17,13213,3103,3813,4907,1390
2016-02-18,12287,2936,3635,4400,1316
2016-02-19,12814,3279,3895,4319,1321
2016-02-20,13865,3530,4298,4592,1445
2016-02-21,13903,3439,4271,4763,1430
2016-02-22,14735,3731,4545,4925,1534
2016-02-23,14000,3731,4347,4448,1474
2016-02-24,13944,3700,4290,4406,1548
2016-02-25,13265,3588,4107,4050,1520
2016-02-26,13481,3543,4225,4157,1556
2016-02-27,15300,3936,4904,4752,1708
2016-02-28,14975,3841,4761,4756,1617
2016-02-29,15347,3926,4944,4697,1780
2016-03-01,14478,3714,4602,4528,1634
2016-03-02,13750,3568,4433,4327,1422
2016-03-03,12865,3324,4140,3994,1407
2016-03-04,14336,3759,4331,4617,1629
2016-03-05,16346,4138,5073,5274,1861
2016-03-06,17549,4471,5425,5682,1971
2016-03-07,16482,4033,5097,5549,1803
2016-03-08,14825,3544,4421,5228,1632
2016-03-09,14891,3514,4570,5127,1680
2016-03-10,13692,3412,4226,4489,1565
2016-03-11,14607,3729,4436,4785,1657
2016-03-12,17487,4496,5456,5529,2006
2016-03-13,19636,5074,6321,6060,2181
2016-03-14,17451,4248,5645,5657,1901
2016-03-15,15776,3886,4978,5064,1848
2016-03-16,15037,3850,4726,4697,1764
2016-03-17,14606,3779,4613,4532,1682
2016-03-18,15612,3970,4926,4821,1895
2016-03-19,17931,4567,5614,5556,2194
2016-03-20,18166,4580,5690,5637,2259
2016-03-21,17815,4488,5457,5681,2189
2016-03-22,17312,4393,5319,5522,2078
2016-03-23,17418,4219,5517,5630,2052
2016-03-24,17495,4273,5571,5595,2056
2016-03-25,18025,4505,5758,5702,2060
2016-03-26,19742,4863,6396,6276,2207
2016-03-27,20713,5189,6647,6612,2265
2016-03-28,20373,5020,6440,6646,2267
2016-03-29,19034,4634,5922,6264,2214
2016-03-30,18931,4619,5934,6113,2265
2016-03-31,18872,4846,5738,6046,2242
2016-04-01,18972,4814,5808,6052,2298
2016-04-02,20072,5075,6279,6333,2385
2016-04-03,19505,4991,5977,6208,2329
2016-04-04,18244,4673,5624,5869,2078
2016-04-05,17189,4416,5199,5597,1977
2016-04-06,15921,4098,4813,5102,1908
2016-04-07,15330,3819,4774,4896,1841
2016-04-08,15510,3848,4815,4932,1915
2016-04-09,16373,3975,5133,5216,2049
2016-04-10,17254,4174,5471,5402,2207
2016-04-11,16134,3854,5224,4998,2058
2016-04-12,15540,3769,4873,4922,1976
2016-04-13,13974,3285,4392,4484,1813
2016-04-14,14108,3402,4353,4480,1873
2016-04-15,14663,3520,4685,4605,1853
2016-04-16,14794,3502,4811,4676,1805
2016-04-17,14481,3432,4697,4548,1804
2016-04-18,14029,3317,4632,4378,1702
2016-04-19,12415,3052,3878,3992,1493
2016-04-20,11826,2974,3651,3780,1421
2016-04-21,16042,3577,5545,5246,1674
2016-04-22,19477,4900,6281,6072,2224
2016-04-23,22136,5645,7222,6608,2661
2016-04-24,23254,5984,7576,6907,2787
2016-04-25,21475,5467,6893,6555,2560
2016-04-26,21647,5460,6840,6693,2654
2016-04-27,21566,5605,6774,6691,2496
2016-04-28,22001,5599,7041,6899,2462
2016-04-29,24491,6237,7973,7603,2678
2016-04-30,27315,6973,8996,8356,2990
2016-05-01,27383,6953,9066,8388,2976
2016-05-02,27249,6815,9016,8374,3044
2016-05-03,28394,6984,9593,8655,3162
2016-05-04,28538,7013,9606,8722,3197
2016-05-05,26380,6390,8878,8150,2962
2016-05-06,26505,6419,8979,8193,2914
2016-05-07,27365,6668,9342,8383,2972
2016-05-08,27947,6774,9601,8537,3035
2016-05-09,27679,6690,9476,8537,2976
2016-05-10,26839,6336,9166,8459,2878
2016-05-11,27550,6581,9319,8644,3006
2016-05-12,28234,6711,9552,8918,3053
2016-05-13,29150,6803,9925,9222,3200
2016-05-14,30461,7165,10364,9686,3246
2016-05-15,30784,7244,10544,9784,3212
2016-05-16,30818,7042,10698,9869,3209
2016-05-17,30534,6931,10602,9769,3232
2016-05-18,29769,6555,10258,9738,3218
2016-05-19,30017,6561,10448,9820,3188
2016-05-20,31032,6862,10834,10095,3241
2016-05-21,33263,7514,11591,10628,3530
2016-05-22,33815,7662,11785,10774,3594
2016-05-23,33563,7716,11701,10637,3509
2016-05-24,32084,7298,11173,10357,3256
2016-05-25,32296,7392,11249,10376,3279
2016-05-26,31807,7214,11056,10365,3172
2016-05-27,32510,7465,11332,10458,3255
2016-05-28,34607,7905,12168,11063,3471
2016-05-29,35633,8263,12552,11204,3614
2016-05-30,35656,8290,12457,11224,3685
2016-05-31,35595,8217,12393,11249,3736
2016-06-01,35387,8134,12350,11135,3768
2016-06-02,35024,8151,12216,10989,3668
2016-06-03,35617,8206,12468,11218,3725
2016-06-04,37807,8762,13318,11812,3915
2016-06-05,38149,8880,13530,11867,3872
2016-06-06,36317,8304,12975,11318,3720
2016-06-07,35595,8034,12730,11143,3688
2016-06-08,33989,7546,12072,10757,3614
2016-06-09,32142,7106,11497,10247,3292
2016-06-10,32260,7179,11508,10228,3345
2016-06-11,33361,7478,11951,10405,3527
2016-06-12,32970,7411,11685,10355,3519
2016-06-13,31736,7075,11098,10082,3481
2016-06-14,31114,6868,10933,9826,3487
2016-06-15,29741,6473,10582,9472,3214
2016-06-16,28597,6127,10122,9171,3177
2016-06-17,28952,6225,10323,9094,3310
2016-06-18,29937,6695,10621,9226,3395
2016-06-19,30114,6920,10644,9072,3478
2016-06-20,28731,6621,10072,8705,3333
2016-06-21,26264,6021,9215,8021,3007
2016-06-22,25173,5822,8691,7746,2914
2016-06-23,24239,5512,8323,7602,2802
2016-06-24,25018,5772,8533,7819,2894
2016-06-25,26954,6381,9068,8424,3081
2016-06-26,27655,6651,9220,8684,3100
2016-06-27,27026,6414,9098,8604,2910
2016-06-28,25642,6085,8447,8229,2881
2016-06-29,25239,6077,8144,8153,2865
2016-06-30,22976,5345,7385,7613,2633
2016-07-01,21407,4885,6976,7152,2394
2016-07-02,22674,5166,7466,7532,2510
2016-07-03,22380,5116,7423,7362,2479
2016-07-04,21544,4742,7199,7240,2363
2016-07-05,21112,4619,6878,7356,2259
2016-07-06,20754,4609,6886,7170,2089
2016-07-07,21338,4935,6974,7361,2068
2016-07-08,21641,4998,7106,7378,2159
2016-07-09,22252,5169,7376,7502,2205
2016-07-10,22226,5166,7355,7576,2129
2016-07-11,22033,5105,7353,7413,2162
2016-07-12,21913,5111,7231,7389,2182
2016-07-13,22791,5317,7584,7652,2238
2016-07-14,22732,5269,7652,7692,2119
2016-07-15,23151,5316,7798,7948,2089
2016-07-16,24764,5701,8511,8361,2191
2016-07-17,25050,5882,8561,8388,2219
2016-07-18,25663,5938,8862,8618,2245
2016-07-19,26194,6003,9049,8840,2302
2016-07-20,26117,6018,8965,8816,2318
2016-07-21,25749,5926,8988,8541,2294
2016-07-22,25988,6022,9082,8525,2359
2016-07-23,28159,6637,9856,9085,2581
2016-07-24,29019,6887,10189,9264,2679
2016-07-25,28593,6727,9970,9179,2717
2016-07-26,27890,6436,9805,8966,2683
2016-07-27,26808,6158,9300,8729,2621
2016-07-28,27190,6173,9525,8903,2589
2016-07-29,26313,5914,9330,8677,2392
2016-07-30,28194,6436,9829,9300,2629
2016-07-31,28455,6567,9922,9290,2676
2016-08-01,27564,6214,9656,9156,2538
2016-08-02,26560,5885,9355,8925,2395
2016-08-03,26615,5875,9350,9046,2344
2016-08-04,26502,5741,9241,9110,2410
2016-08-05,25941,5587,9190,8881,2283
2016-08-06,27508,5958,9651,9322,2577
2016-08-07,28039,6103,9859,9443,2634
2016-08-08,27232,5756,9714,9252,2510
2016-08-09,25740,5271,9193,8853,2423
2016-08-10,24594,5018,8794,8591,2191
2016-08-11,23929,4856,8637,8447,1989
2016-08-12,23317,4799,8336,8260,1922
2016-08-13,25010,5237,9099,8560,2114
2016-08-14,24494,5158,8880,8432,2024
2016-08-15,24243,5118,8812,8371,1942
2016-08-16,22857,4678,8331,8069,1779
2016-08-17,22155,4414,8085,7930,1726
2016-08-18,22027,4458,8106,7825,1638
2016-08-19,21802,4546,7900,7841,1515
2016-08-20,22897,4874,8301,8070,1652
2016-08-21,23519,5091,8546,8157,1725
2016-08-22,22278,4938,8059,7656,1625
2016-08-23,21420,4517,7723,7503,1677
2016-08-24,20859,4304,7604,7300,1651
2016-08-25,20425,4216,7308,7280,1621
2016-08-26,20472,4090,7411,7333,1638
2016-08-27,21319,4361,7779,7439,1740
2016-08-28,21824,4484,8045,7538,1757
2016-08-29,22526,4647,8224,7757,1898
2016-08-30,21458,4350,7614,7594,1900
2016-08-31,20232,3944,7212,7233,1843
2016-09-01,19883,3891,7034,7197,1761
2016-09-02,20189,4134,7059,7140,1856
2016-09-03,20827,4356,7280,7266,1925
2016-09-04,20310,4271,7178,7062,1799
2016-09-05,19192,3914,6723,6810,1745
2016-09-06,17789,3581,6239,6332,1637
2016-09-07,17089,3642,5767,6096,1584
2016-09-08,17540,3813,5943,5988,1796
2016-09-09,18324,3926,6180,6308,1910
2016-09-10,20912,4542,7048,7174,2148
2016-09-11,21520,4673,7313,7357,2177
2016-09-12,22011,4793,7538,7434,2246
2016-09-13,22094,4790,7779,7395,2130
2016-09-14,20044,4263,7044,6834,1903
2016-09-15,18005,3630,6408,6313,1654
2016-09-16,16693,3192,6002,5958,1541
2016-09-17,17127,3338,6083,6143,1563
2016-09-18,17544,3449,6292,6220,1583
2016-09-19,17340,3601,5951,6040,1748
2016-09-20,15456,3241,5136,5478,1601
2016-09-21,14887,3094,5010,5251,1532
2016-09-22,14485,3097,4917,4942,1529
2016-09-23,14318,3135,4857,4817,1509
2016-09-24,15382,3412,5313,5027,1630
2016-09-25,14899,3176,5191,5011,1521
2016-09-26,14610,3071,5107,4893,1539
2016-09-27,13487,2705,4807,4518,1457
2016-09-28,12440,2597,4359,4007,1477
2016-09-29,13510,2897,4630,4399,1584
2016-09-30,15704,3558,5426,4923,1797
2016-10-01,19442,4605,6770,5834,2233
2016-10-02,19327,4481,6748,5894,2204
2016-10-03,20004,4623,7067,6125,2189
2016-10-04,22486,5418,7822,6900,2346
2016-10-05,22251,5134,7755,6965,2397
2016-10-06,21582,4944,7443,6831,2364
2016-10-07,21631,5037,7454,6866,2274
2016-10-08,22741,5323,7855,7174,2389
2016-10-09,23019,5401,7936,7232,2450
2016-10-10,23685,5668,8024,7491,2502
2016-10-11,22699,5389,7810,7203,2297
2016-10-12,22650,5370,7712,7261,2307
2016-10-13,22915,5385,7940,7208,2382
2016-10-14,23140,5516,8006,7191,2427
2016-10-15,25322,6163,8746,7742,2671
2016-10-16,24921,6053,8549,7678,2641
2016-10-17,26017,6403,8904,7922,2788
2016-10-18,25733,6287,8823,7888,2735
2016-10-19,25679,6291,8871,7778,2739
2016-10-20,26083,6565,8820,7968,2730
2016-10-21,26894,6768,9026,8192,2908
2016-10-22,29054,7381,9754,8841,3078
2016-10-23,29347,7448,9896,8884,3119
2016-10-24,29369,7227,9991,8958,3193
2016-10-25,28288,6842,9549,8780,3117
2016-10-26,28039,6625,9550,8751,3113
2016-10-27,26269,6082,9067,8316,2804
2016-10-28,27106,6306,9334,8403,3063
2016-10-29,29821,7172,10171,9079,3399
2016-10-30,30772,7472,10548,9194,3558
2016-10-31,31508,7720,10738,9452,3598
2016-11-01,31000,7713,10452,9220,3615
2016-11-02,31487,7796,10631,9306,3754
2016-11-03,30730,7416,10466,9175,3673
2016-11-04,31052,7339,10679,9298,3736
2016-11-05,32304,7628,11204,9667,3805
2016-11-06,32345,7609,11234,9660,3842
2016-11-07,31260,7210,10824,9466,3760
2016-11-08,29955,6959,10211,9127,3658
2016-11-09,28966,6771,9888,8812,3495
2016-11-10,27554,6246,9480,8517,3311
2016-11-11,27066,6193,9220,8422,3231
2016-11-12,28728,6515,9726,9017,3470
2016-11-13,28828,6589,9796,8903,3540
2016-11-14,27103,6080,9198,8487,3338
2016-11-15,25958,5776,8831,8206,3145
2016-11-16,26840,6051,9106,8427,3256
2016-11-17,26290,5842,8885,8407,3156
2016-11-18,25914,5727,8505,8458,3224
2016-11-19,26922,6107,8730,8773,3312
2016-11-20,28445,6561,9241,9182,3461
2016-11-21,28279,6398,9052,9324,3505
2016-11-22,26659,5984,8423,8973,3279
2016-11-23,26258,5824,8350,8738,3346
2016-11-24,27244,6259,8542,8922,3521
2016-11-25,28024,6323,8943,8979,3779
2016-11-26,29695,6877,9558,9303,3957
2016-11-27,29368,6699,9390,9230,4049
2016-11-28,30743,7078,9924,9456,4285
2016-11-29,31185,7192,10097,9525,4371
2016-11-30,31729,7477,10458,9333,4461
2016-12-01,31595,7346,10506,9374,4369
2016-12-02,31896,7464,10583,9494,4355
2016-12-03,33740,8001,11204,9979,4556
2016-12-04,33620,7960,11174,9915,4571
2016-12-05,32251,7478,10685,9631,4457
2016-12-06,30381,6858,10114,9063,4346
2016-12-07,28821,6356,9454,8778,4233
2016-12-08,27810,6120,9074,8489,4127
2016-12-09,26733,5892,8812,8083,3946
2016-12-10,27799,6183,9311,8350,3955
2016-12-11,27840,6164,9297,8375,4004
2016-12-12,28125,6184,9395,8606,3940
2016-12-13,26540,5641,8844,8339,3716
2016-12-14,25618,5424,8519,8147,3528
2016-12-15,25708,5348,8609,8304,3447
2016-12-16,26311,5400,8942,8511,3458
2016-12-17,27618,5670,9462,8888,3598
2016-12-18,28228,5880,9645,9003,3700
2016-12-19,27880,5780,9607,8795,3698
2016-12-20,26946,5481,9222,8625,3618
2016-12-21,26425,5307,9097,8544,3477
2016-12-22,25578,5060,8846,8193,3479
2016-12-23,25785,5183,8910,8223,3469
2016-12-24,28062,5819,9660,8888,3695
2016-12-25,27846,5808,9519,8853,3666
2016-12-26,27368,5633,9328,8715,3692
2016-12-27,26288,5290,9037,8481,3480
2016-12-28,26963,5306,9272,8928,3457
2016-12-29,27062,5319,9354,8911,3478
2016-12-30,25673,4985,8904,8455,3329
2016-12-31,26744,5313,9375,8741,3315
2017-01-01,24913,4769,8777,8200,3167
2017-01-02,22703,4296,7869,7580,2958
2017-01-03,20609,3755,7177,6982,2695
2017-01-04,20381,3729,7062,6851,2739
2017-01-05,20750,3884,7081,6978,2807
2017-01-06,21233,3920,7202,7140,2971
2017-01-07,23411,4595,7911,7684,3221
2017-01-08,23759,4525,8094,7902,3238
2017-01-09,22802,4400,7614,7689,3099
2017-01-10,21330,3961,7137,7326,2906
2017-01-11,20907,3937,6909,7128,2933
2017-01-12,19964,3781,6623,6667,2893
2017-01-13,19295,3677,6340,6470,2808
2017-01-14,21798,4370,7166,7124,3138
2017-01-15,21893,4345,7205,7207,3136
2017-01-16,22070,4420,7313,7232,3105
2017-01-17,21874,4323,7247,7247,3057
2017-01-18,21701,4237,7164,7194,3106
2017-01-19,21410,4173,7007,7147,3083
2017-01-20,21484,4284,6946,7109,3145
2017-01-21,23760,4865,7798,7737,3360
2017-01-22,23563,4805,7784,7681,3293
2017-01-23,24441,4977,8099,8016,3349
2017-01-24,24000,4691,7898,8110,3301
2017-01-25,24351,4707,8010,8248,3386
2017-01-26,24861,4943,8325,8164,3429
2017-01-27,22905,4346,7625,7723,3211
2017-01-28,20865,3754,6898,7208,3005
2017-01-29,20057,3532,6658,6983,2884
2017-01-30,20699,3840,6909,7085,2865
2017-01-31,21095,4142,7020,7091,2842
2017-02-01,20955,4070,6947,7028,2910
2017-02-02,20682,4034,6743,7013,2892
2017-02-03,20072,3798,6527,6985,2762
2017-02-04,21706,4156,7046,7603,2901
2017-02-05,21381,4027,6970,7494,2890
2017-02-06,21282,4026,6868,7454,2934
2017-02-07,20210,3686,6473,7165,2886
2017-02-08,19774,3747,6236,6996,2795
2017-02-09,19860,3678,6321,7049,2812
2017-02-10,19714,3720,6261,6898,2835
2017-02-11,21568,4168,6944,7372,3084
2017-02-12,21330,4053,6852,7282,3143
2017-02-13,21760,4125,7086,7434,3115
2017-02-14,21217,4141,6816,7129,3131
2017-02-15,21031,4122,6701,7051,3157
2017-02-16,20256,3908,6356,6942,3050
2017-02-17,20320,3823,6350,7193,2954
2017-02-18,22246,4559,6914,7675,3098
2017-02-19,22098,4462,6959,7697,2980
2017-02-20,22112,4493,6918,7630,3071
2017-02-21,20870,4029,6574,7302,2965
2017-02-22,19722,3942,6031,6939,2810
2017-02-23,20128,3978,6216,6974,2960
2017-02-24,20446,3956,6518,6965,3007
2017-02-25,22913,4625,7421,7556,3311
2017-02-26,22720,4509,7299,7577,3335
2017-02-27,23119,4504,7428,7782,3405
2017-02-28,23368,4525,7512,7785,3546
2017-03-01,23027,4396,7298,7771,3562
2017-03-02,23180,4649,7167,7727,3637
2017-03-03,22587,4430,6991,7611,3555
2017-03-04,24351,4900,7522,8117,3812
2017-03-05,24702,5033,7660,8187,3822
2017-03-06,23843,4833,7524,7752,3734
2017-03-07,22516,4406,7077,7488,3545
2017-03-08,22032,4306,6818,7457,3451
2017-03-09,21152,4240,6435,7135,3342
2017-03-10,21957,4346,6768,7335,3508
2017-03-11,23731,4771,7439,7845,3676
2017-03-12,23772,4829,7328,7836,3779
2017-03-13,24332,4886,7640,8064,3742
2017-03-14,23393,4566,7327,7867,3633
2017-03-15,23256,4548,7335,7746,3627
2017-03-16,23058,4421,7215,7770,3652
2017-03-17,23505,4512,7294,7893,3806
2017-03-18,24944,4798,7786,8365,3995
2017-03-19,25842,5031,8108,8653,4050
2017-03-20,26102,5063,8214,8701,4124
2017-03-21,25209,4777,7900,8527,4005
2017-03-22,24685,4722,7654,8470,3839
2017-03-23,24975,4876,7753,8466,3880
2017-03-24,25975,5047,8256,8671,4001
2017-03-25,28376,5589,9286,9282,4219
2017-03-26,29519,5883,9684,9608,4344
2017-03-27,31253,6282,10278,10199,4494
2017-03-28,30578,6029,9977,10106,4466
2017-03-29,30800,6105,10059,10182,4454
2017-03-30,30044,5962,9718,10000,4364
2017-03-31,31076,6063,10117,10343,4553
2017-04-01,32063,6271,10413,10729,4650
2017-04-02,31735,6153,10263,10726,4593
2017-04-03,30687,5860,9874,10409,4544
2017-04-04,28862,5272,9179,10031,4380
2017-04-05,27629,5089,8640,9702,4198
2017-04-06,25532,4483,7892,9270,3887
2017-04-07,24920,4407,7717,8980,3816
2017-04-08,25560,4517,7960,9246,3837
2017-04-09,25714,4508,8035,9350,3821
2017-04-10,23418,3956,7127,8763,3572
2017-04-11,21763,3469,6428,8437,3429
2017-04-12,20682,3344,6033,8046,3259
2017-04-13,20327,3306,5880,7948,3193
2017-04-14,20703,3289,6005,8139,3270
2017-04-15,21682,3481,6494,8331,3376
2017-04-16,21656,3381,6578,8388,3309
2017-04-17,20936,3262,6234,8180,3260
2017-04-18,18919,2885,5539,7577,2918
2017-04-19,18239,2726,5150,7450,2913
2017-04-20,17374,2491,4857,7232,2794
2017-04-21,18299,2989,5097,7349,2864
2017-04-22,19659,3272,5629,7795,2963
2017-04-23,18994,2950,5443,7672,2929
2017-04-24,19969,3263,5883,7849,2974
2017-04-25,18566,2903,5437,7536,2690
2017-04-26,18584,2914,5444,7525,2701
2017-04-27,19070,3079,5542,7795,2654
2017-04-28,20199,3440,5970,8019,2770
2017-04-29,22030,3914,6601,8505,3010
2017-04-30,22852,4111,6833,8851,3057
2017-05-01,22403,3900,6719,8816,2968
2017-05-02,23827,4324,7163,9216,3124
2017-05-03,22653,3881,6864,8895,3013
2017-05-04,25482,4597,7778,9646,3461
2017-05-05,23656,3993,7147,9196,3320
2017-05-06,25950,4612,7994,9799,3545
2017-05-07,25966,4596,8062,9750,3558
2017-05-08,27157,5054,8327,10098,3678
2017-05-09,25403,4603,7660,9712,3428
2017-05-10,26267,4917,7823,10035,3492
2017-05-11,26770,5123,7966,10068,3613
2017-05-12,28105,5319,8530,10465,3791
2017-05-13,30247,5926,9296,11033,3992
2017-05-14,30700,6024,9542,11095,4039
2017-05-15,31191,6253,9458,11370,4110
2017-05-16,31008,6040,9416,11385,4167
2017-05-17,30895,6032,9232,11490,4141
2017-05-18,31266,6302,9199,11581,4184
2017-05-19,33170,6752,9987,12025,4406
2017-05-20,35180,7356,10689,12531,4604
2017-05-21,35261,7386,10725,12533,4617
2017-05-22,36588,7661,11271,12784,4872
2017-05-23,36494,7528,11209,12867,4890
2017-05-24,37183,7699,11412,12996,5076
2017-05-25,38549,8018,11820,13506,5205
2017-05-26,40131,8492,12316,13938,5385
2017-05-27,42989,9320,13354,14645,5670
2017-05-28,44371,9819,13837,14984,5731
2017-05-29,44390,9729,13956,14982,5723
2017-05-30,44282,9704,13961,14878,5739
2017-05-31,45343,9891,14391,15305,5756
2017-06-01,45328,9866,14353,15292,5817
2017-06-02,45751,10101,14534,15348,5768
2017-06-03,47019,10488,15091,15584,5856
2017-06-04,46899,10570,15015,15570,5744
2017-06-05,47943,10776,15434,15858,5875
2017-06-06,46313,10358,14854,15399,5702
2017-06-07,45562,10023,14523,15314,5702
2017-06-08,44519,9821,14122,14993,5583
2017-06-09,44867,9801,14269,15158,5639
2017-06-10,46114,10156,14683,15532,5743
2017-06-11,45985,10116,14672,15507,5690
2017-06-12,44920,9773,14226,15209,5712
2017-06-13,44137,9459,13932,15002,5744
2017-06-14,43579,9197,13834,14834,5714
2017-06-15,42669,8985,13530,14535,5619
2017-06-16,41843,8691,13225,14352,5575
2017-06-17,42561,8874,13504,14463,5720
2017-06-18,42055,8609,13422,14350,5674
2017-06-19,41326,8341,13116,14204,5665
2017-06-20,40256,8061,12538,14111,5546
2017-06-21,38905,7573,12021,13833,5478
2017-06-22,37675,7322,11586,13497,5270
2017-06-23,37092,7054,11470,13356,5212
2017-06-24,38150,7154,12011,13638,5347
2017-06-25,38094,7115,12008,13579,5392
2017-06-26,35941,6171,11429,13237,5104
2017-06-27,34225,5737,10848,12716,4924
2017-06-28,32196,5382,9987,12169,4658
2017-06-29,30276,4778,9278,11763,4457
2017-06-30,29164,4650,8824,11292,4398
2017-07-01,30204,5010,9236,11485,4473
2017-07-02,29877,5067,9076,11392,4342
2017-07-03,27791,4508,8414,10692,4177
2017-07-04,25517,4038,7362,10142,3975
2017-07-05,23734,3635,6627,9749,3723
2017-07-06,23249,3907,6289,9438,3615
2017-07-07,24302,4557,6299,9649,3797
2017-07-08,26417,5364,7038,10113,3902
2017-07-09,26661,5461,7147,10195,3858
2017-07-10,26348,5466,7049,10041,3792
2017-07-11,26656,5662,7078,10047,3869
2017-07-12,26632,5693,7095,9928,3916
2017-07-13,27941,6095,7598,10173,4075
2017-07-14,28163,6103,7701,10351,4008
2017-07-15,30562,6922,8471,11022,4147
2017-07-16,30755,6982,8504,11115,4154
2017-07-17,31742,7160,8987,11371,4224
2017-07-18,32368,7339,9080,11633,4316
2017-07-19,33151,7720,9280,11696,4455
2017-07-20,34533,7978,9823,12052,4680
2017-07-21,35372,8135,10027,12322,4888
2017-07-22,37510,8781,10855,12823,5051
2017-07-23,37514,8780,10953,12752,5029
2017-07-24,38127,8976,11199,12933,5019
2017-07-25,37938,8860,11135,12872,5071
2017-07-26,38165,8927,11139,12913,5186
2017-07-27,38450,8932,11287,13002,5229
2017-07-28,38650,9041,11220,13101,5288
2017-07-29,40743,9616,11955,13654,5518
2017-07-30,40787,9674,12000,13614,5499
2017-07-31,41756,9994,12298,13811,5653
2017-08-01,42035,10104,12426,13762,5743
2017-08-02,42186,10092,12464,13745,5885
2017-08-03,41960,10074,12400,13654,5832
2017-08-04,42740,10240,12700,13817,5983
2017-08-05,44398,10757,13201,14234,6206
2017-08-06,44003,10683,13057,14150,6113
2017-08-07,43868,10607,12897,14160,6204
2017-08-08,43233,10495,12545,14055,6138
2017-08-09,43695,10548,12774,14246,6127
2017-08-10,43121,10441,12501,14140,6039
2017-08-11,43025,10402,12473,14127,6023
2017-08-12,45178,10954,13268,14663,6293
2017-08-13,45867,11171,13581,14746,6369
2017-08-14,46278,11144,13731,14974,6429
2017-08-15,46127,11026,13728,14951,6422
2017-08-16,45065,10675,13360,14640,6390
2017-08-17,44257,10364,13285,14411,6197
2017-08-18,43175,10033,12933,14129,6080
2017-08-19,44696,10504,13448,14525,6219
2017-08-20,44129,10262,13442,14352,6073
2017-08-21,43166,10014,12929,14307,5916
2017-08-22,41815,9747,12274,14064,5730
2017-08-23,40213,9327,11563,13717,5606
2017-08-24,39280,9008,11196,13515,5561
2017-08-25,38479,8814,10795,13420,5450
2017-08-26,40248,9116,11521,13944,5667
2017-08-27,41089,9340,11877,14150,5722
2017-08-28,40042,8919,11435,14007,5681
2017-08-29,39118,8929,10934,13783,5472
2017-08-30,37960,8599,10452,13490,5419
2017-08-31,37511,8476,10238,13371,5426
2017-09-01,36708,8277,10006,13095,5330
2017-09-02,38603,8835,10752,13521,5495
2017-09-03,38335,8769,10692,13426,5448
2017-09-04,37014,8333,10233,13143,5305
2017-09-05,35237,7791,9606,12738,5102
2017-09-06,33628,7353,8884,12495,4896
2017-09-07,32216,6942,8279,12185,4810
2017-09-08,31658,6746,8051,12138,4723
2017-09-09,32340,7053,8211,12324,4752
2017-09-10,32155,7097,8082,12267,4709
2017-09-11,30110,6517,7411,11758,4424
2017-09-12,28668,6117,6817,11362,4372
2017-09-13,27450,5881,6288,11008,4273
2017-09-14,26133,5537,5809,10710,4077
2017-09-15,26679,5758,6150,10645,4126
2017-09-16,27842,6223,6545,10854,4220
2017-09-17,28378,6444,6787,10883,4264
2017-09-18,27080,5987,6423,10469,4201
2017-09-19,25318,5346,5691,10225,4056
2017-09-20,24371,5090,5325,9985,3971
2017-09-21,23858,4815,5243,9831,3969
2017-09-22,23644,4868,5436,9543,3797
2017-09-23,24429,5132,5719,9712,3866
2017-09-24,25231,5399,5987,9885,3960
2017-09-25,24837,5333,5930,9718,3856
2017-09-26,24499,5304,5823,9600,3772
2017-09-27,24417,5352,5750,9533,3782
2017-09-28,24067,5247,5766,9367,3687
2017-09-29,25677,5659,6340,9759,3919
2017-09-30,28192,6538,7116,10369,4169
2017-10-01,28484,6726,7203,10414,4141
2017-10-02,26767,6292,6542,9913,4020
2017-10-03,24703,5731,5785,9431,3756
2017-10-04,22774,5206,5182,8857,3529
2017-10-05,21090,4660,4739,8347,3344
2017-10-06,20090,4462,4552,8014,3062
2017-10-07,20981,4651,4869,8310,3151
2017-10-08,20716,4614,4797,8163,3142
2017-10-09,20819,4636,4874,8182,3127
2017-10-10,19699,4234,4497,7825,3143
2017-10-11,19051,4034,4431,7566,3020
2017-10-12,18849,3806,4607,7437,2999
2017-10-13,19903,4341,4915,7596,3051
2017-10-14,20921,4637,5217,7927,3140
2017-10-15,20457,4540,4923,7876,3118
2017-10-16,21259,4843,5248,8068,3100
2017-10-17,19661,4447,4725,7710,2779
2017-10-18,19144,4161,4715,7590,2678
2017-10-19,19523,4362,4932,7615,2614
2017-10-20,21248,5034,5384,8011,2819
2017-10-21,22477,5312,5804,8435,2926
2017-10-22,22818,5465,6019,8426,2908
2017-10-23,22270,5381,5876,8142,2871
2017-10-24,21254,5125,5558,7799,2772
2017-10-25,20654,4895,5341,7768,2650
2017-10-26,20807,4903,5565,7654,2685
2017-10-27,17546,3955,4389,6770,2432
2017-10-28,19971,4732,5322,7306,2611
2017-10-29,20775,4986,5573,7520,2696
2017-10-30,21741,5141,6004,7788,2808
2017-10-31,21529,5098,5847,7877,2707
2017-11-01,20595,4742,5555,7644,2654
2017-11-02,19666,4488,5086,7462,2630
2017-11-03,20203,4576,5417,7566,2644
2017-11-04,21447,4957,5850,7905,2735
2017-11-05,21239,4974,5736,7854,2675
2017-11-06,20878,4791,5720,7737,2630
2017-11-07,19701,4369,5404,7502,2426
2017-11-08,18429,4051,5039,7191,2148
2017-11-09,17828,3993,4786,6972,2077
2017-11-10,17482,3987,4664,6781,2050
2017-11-11,20124,4803,5463,7481,2377
2017-11-12,19879,4748,5294,7572,2265
2017-11-13,19948,4816,5275,7606,2251
2017-11-14,18887,4570,4945,7258,2114
2017-11-15,19016,4512,4973,7335,2196
2017-11-16,19115,4555,5068,7253,2239
2017-11-17,18797,4432,4991,7157,2217
2017-11-18,20107,4822,5404,7495,2386
2017-11-19,20252,4840,5439,7537,2436
2017-11-20,20350,4825,5440,7536,2549
2017-11-21,19441,4512,5301,7111,2517
2017-11-22,18936,4478,5103,6862,2493
2017-11-23,18576,4289,5195,6758,2334
2017-11-24,20262,4816,5802,7102,2542
2017-11-25,21492,5080,6193,7495,2724
2017-11-26,21917,5090,6381,7662,2784
2017-11-27,23275,5549,6869,8020,2837
2017-11-28,23129,5547,6635,8070,2877
2017-11-29,23265,5457,6531,8329,2948
2017-11-30,23333,5669,6711,8056,2897
2017-12-01,24105,5807,7114,8232,2952
2017-12-02,24811,6067,7349,8339,3056
2017-12-03,24494,5977,7200,8270,3047
2017-12-04,23762,5828,6873,8082,2979
2017-12-05,22586,5517,6429,7844,2796
2017-12-06,21195,5070,6019,7453,2653
2017-12-07,20391,4824,5761,7240,2566
2017-12-08,20261,4784,5780,7116,2581
2017-12-09,21372,5054,6171,7460,2687
2017-12-10,21458,5127,6135,7411,2785
2017-12-11,20965,4928,5990,7369,2678
2017-12-12,19953,4602,5716,7069,2566
2017-12-13,19843,4557,5850,6931,2505
2017-12-14,21422,4910,6490,7298,2724
2017-12-15,21941,5131,6638,7437,2735
2017-12-16,23809,5531,7281,7946,3051
2017-12-17,23564,5412,7217,7900,3035
2017-12-18,24028,5603,7558,7835,3032
2017-12-19,24657,5971,7603,7932,3151
2017-12-20,24042,5935,7403,7574,3130
2017-12-21,24272,6114,7391,7584,3183
2017-12-22,25787,6579,8035,7947,3226
2017-12-23,28637,7316,9101,8604,3616
2017-12-24,28717,7308,9152,8610,3647
2017-12-25,28068,7131,8954,8413,3570
2017-12-26,29117,7469,9211,8666,3771
2017-12-27,29572,7496,9401,8891,3784
2017-12-28,30497,7610,9810,9181,3896
2017-12-29,28471,6974,9091,8608,3798
2017-12-30,30924,7580,9992,9327,4025
2017-12-31,32179,8001,10428,9592,4158
2018-01-01,30166,7394,9762,9050,3960
2018-01-02,29331,7152,9494,8814,3871
2018-01-03,28184,6775,9195,8436,3778
2018-01-04,27419,6664,8937,8163,3655
2018-01-05,25591,6093,8326,7597,3575
2018-01-06,26501,6258,8616,7907,3720
2018-01-07,26200,6246,8451,7781,3722
2018-01-08,24719,5858,7911,7395,3555
2018-01-09,23620,5492,7634,7065,3429
2018-01-10,22194,5087,7312,6484,3311
2018-01-11,20129,4495,6564,5929,3141
2018-01-12,19487,4362,6269,5762,3094
2018-01-13,21254,4980,6865,6123,3286
2018-01-14,22131,5123,7277,6330,3401
2018-01-15,20418,4721,6864,5724,3109
2018-01-16,18986,4375,6163,5460,2988
2018-01-17,18455,4254,5926,5444,2831
2018-01-18,18799,4519,5998,5586,2696
2018-01-19,19154,4601,6115,5779,2659
2018-01-20,20915,5114,6652,6187,2962
2018-01-21,21436,5035,6927,6378,3096
2018-01-22,20624,4907,6685,6127,2905
2018-01-23,20004,4666,6436,5999,2903
2018-01-24,20395,4706,6578,6131,2980
2018-01-25,20222,4670,6490,6089,2973
2018-01-26,19894,4567,6433,5923,2971
2018-01-27,22319,5105,7242,6689,3283
2018-01-28,23580,5454,7660,7064,3402
2018-01-29,23044,5379,7484,6838,3343
2018-01-30,22236,5117,7340,6531,3248
2018-01-31,22642,5109,7539,6622,3372
2018-02-01,21756,4945,7064,6481,3266
2018-02-02,21597,4887,6926,6471,3313
2018-02-03,23430,5227,7771,6946,3486
2018-02-04,23209,5015,7733,7005,3456
2018-02-05,22894,4938,7662,6822,3472
2018-02-06,21746,4685,7204,6481,3376
2018-02-07,22270,4923,7320,6594,3433
2018-02-08,21951,4958,7208,6384,3401
2018-02-09,21474,4912,7099,6170,3293
2018-02-10,22658,5191,7426,6582,3459
2018-02-11,23289,5265,7718,6787,3519
2018-02-12,22827,5233,7533,6708,3353
2018-02-13,21987,5054,7215,6501,3217
2018-02-14,21939,5110,7148,6435,3246
2018-02-15,19445,4349,6418,5738,2940
2018-02-16,17171,3777,5666,5065,2663
2018-02-17,18204,4098,6025,5244,2837
2018-02-18,18684,4232,6232,5320,2900
2018-02-19,19399,4457,6546,5438,2958
2018-02-20,18368,4165,6139,5188,2876
2018-02-21,16765,3761,5614,4786,2604
2018-02-22,17523,4085,5744,4978,2716
2018-02-23,18306,4373,5786,5274,2873
2018-02-24,20904,4979,6805,5908,3212
2018-02-25,22427,5318,7329,6369,3411
2018-02-26,22242,5299,7202,6352,3389
2018-02-27,21333,4868,6795,6249,3421
2018-02-28,20724,4728,6618,5989,3389
2018-03-01,20957,4803,6733,6079,3342
2018-03-02,22081,5152,7160,6282,3487
2018-03-03,24241,5693,7782,6936,3830
2018-03-04,24181,5656,7655,7022,3848
2018-03-05,24127,5576,7642,7018,3891
2018-03-06,22842,5192,7181,6736,3733
2018-03-07,21578,4898,6753,6267,3660
2018-03-08,20627,4643,6463,5900,3621
2018-03-09,21014,4723,6529,6081,3681
2018-03-10,23918,5488,7603,6754,4073
2018-03-11,24461,5624,7754,6973,4110
2018-03-12,24482,5630,7830,6933,4089
2018-03-13,23184,5287,7244,6716,3937
2018-03-14,22503,5163,7057,6588,3695
2018-03-15,21669,5144,6657,6420,3448
2018-03-16,21417,5114,6569,6331,3403
2018-03-17,23052,5490,7347,6689,3526
2018-03-18,23232,5543,7351,6784,3554
2018-03-19,22814,5450,7205,6730,3429
2018-03-20,21899,5115,6998,6489,3297
2018-03-21,20741,4681,6556,6322,3182
2018-03-22,19944,4563,6248,6012,3121
2018-03-23,21421,5013,6955,6169,3284
2018-03-24,24137,5610,7938,7017,3572
2018-03-25,24366,5673,7991,7102,3600
2018-03-26,25492,6129,8401,7345,3617
2018-03-27,24416,5749,7994,7027,3646
2018-03-28,24613,5534,8108,7252,3719
2018-03-29,25274,5720,8315,7585,3654
2018-03-30,26326,6003,8628,7916,3779
2018-03-31,28042,6460,9275,8281,4026
2018-04-01,28753,6740,9453,8477,4083
2018-04-02,28246,6525,9195,8440,4086
2018-04-03,25921,5999,8284,7852,3786
2018-04-04,24618,5570,7941,7518,3589
2018-04-05,23646,5320,7653,7182,3491
2018-04-06,23481,5258,7598,7107,3518
2018-04-07,24114,5366,7769,7356,3623
2018-04-08,23950,5340,7725,7393,3492
2018-04-09,24044,5327,7780,7369,3568
2018-04-10,22340,4803,7186,6988,3363
2018-04-11,21459,4579,6880,6766,3234
2018-04-12,21246,4474,6743,6880,3149
2018-04-13,21193,4671,6694,6865,2963
2018-04-14,22111,4946,7040,7057,3068
2018-04-15,22672,5055,7309,7171,3137
2018-04-16,22343,4950,7092,7217,3084
2018-04-17,20568,4335,6506,6861,2866
2018-04-18,19663,4264,6108,6541,2750
2018-04-19,18552,4064,5775,6262,2451
2018-04-20,18512,4013,5745,6301,2453
2018-04-21,19535,4306,6153,6435,2641
2018-04-22,19206,4286,6070,6261,2589
2018-04-23,18527,4139,5757,6099,2532
2018-04-24,17004,3803,5212,5660,2329
2018-04-25,16837,3849,5221,5518,2249
2018-04-26,18201,4282,5566,5934,2419
2018-04-27,19850,4671,6153,6422,2604
2018-04-28,22895,5522,7328,7135,2910
2018-04-29,24413,5886,7970,7482,3075
2018-04-30,24736,5906,8120,7610,3100
2018-05-01,22382,5251,7307,7057,2767
2018-05-02,22475,5303,7508,6921,2743
2018-05-03,22695,5318,7570,7048,2759
2018-05-04,23896,5517,8060,7422,2897
2018-05-05,25812,6044,8753,7882,3133
2018-05-06,26484,6134,8999,8088,3263
2018-05-07,25223,5814,8476,7820,3113
2018-05-08,25431,5815,8422,7986,3208
2018-05-09,25290,5773,8173,8093,3251
2018-05-10,25914,5874,8424,8280,3336
2018-05-11,25929,5816,8362,8439,3312
2018-05-12,27650,6332,8947,8951,3420
2018-05-13,27940,6455,9065,8992,3428
2018-05-14,29710,6933,9668,9455,3654
2018-05-15,29276,6895,9356,9318,3707
2018-05-16,28418,6686,9022,9078,3632
2018-05-17,28159,6576,8827,9086,3670
2018-05-18,28818,6762,8972,9313,3771
2018-05-19,30484,7275,9487,9732,3990
2018-05-20,30834,7389,9627,9871,3947
2018-05-21,32776,7811,10400,10272,4293
2018-05-22,30789,7241,9677,9823,4048
2018-05-23,31959,7366,9973,10372,4248
2018-05-24,32264,7371,10017,10626,4250
2018-05-25,32929,7517,10260,10793,4359
2018-05-26,35347,8304,11097,11364,4582
2018-05-27,36091,8586,11316,11495,4694
2018-05-28,36969,8841,11573,11668,4887
2018-05-29,36416,8664,11254,11557,4941
2018-05-30,37057,8918,11436,11656,5047
2018-05-31,37911,9085,11654,11993,5179
2018-06-01,37143,8645,11499,11912,5087
2018-06-02,37413,8796,11715,11927,4975
2018-06-03,37144,8836,11695,11720,4893
2018-06-04,36638,8827,11256,11640,4915
2018-06-05,35357,8554,10794,11237,4772
2018-06-06,35157,8558,10731,11179,4689
2018-06-07,33803,8295,10003,10873,4632
2018-06-08,34152,8403,10089,11011,4649
2018-06-09,35045,8706,10549,11169,4621
2018-06-10,34637,8603,10369,11065,4600
2018-06-11,33947,8337,10186,10933,4491
2018-06-12,32888,8033,9876,10563,4416
2018-06-13,31837,7732,9512,10318,4275
2018-06-14,33122,8082,9786,10815,4439
2018-06-15,33379,8153,9938,10848,4440
2018-06-16,34521,8389,10377,11112,4643
2018-06-17,34317,8426,10343,10961,4587
2018-06-18,33716,8334,10050,10837,4495
2018-06-19,32113,7775,9448,10541,4349
2018-06-20,31885,7796,9315,10490,4284
2018-06-21,30822,7381,8969,10248,4224
2018-06-22,30518,7253,8784,10334,4147
2018-06-23,31380,7479,9137,10572,4192
2018-06-24,31727,7615,9229,10658,4225
2018-06-25,30030,7331,8533,10242,3924
2018-06-26,28141,6787,7877,9774,3703
2018-06-27,25933,6160,7210,9221,3342
2018-06-28,23728,5563,6350,8684,3131
2018-06-29,23120,5417,6263,8509,2931
2018-06-30,23784,5554,6514,8699,3017
2018-07-01,23945,5605,6652,8680,3008
2018-07-02,21613,5060,5821,8001,2731
2018-07-03,19227,4359,5015,7483,2370
2018-07-04,18995,4247,5034,7394,2320
2018-07-05,17849,3786,4771,7048,2244
2018-07-06,18879,4010,5159,7257,2453
2018-07-07,22229,5052,6253,8129,2795
2018-07-08,22982,5318,6506,8278,2880
2018-07-09,23156,5404,6613,8204,2935
2018-07-10,22812,5235,6480,8186,2911
2018-07-11,22010,4922,6268,8014,2806
2018-07-12,22688,5104,6512,8172,2900
2018-07-13,23373,5219,6696,8463,2995
2018-07-14,24877,5697,7262,8724,3194
2018-07-15,25107,5839,7370,8783,3115
2018-07-16,25500,5988,7431,8943,3138
2018-07-17,24931,5733,7185,8936,3077
2018-07-18,24409,5467,7048,8888,3006
2018-07-19,23726,5470,6674,8760,2822
2018-07-20,23990,5567,6766,8840,2817
2018-07-21,25583,6129,7230,9266,2958
2018-07-22,25155,6015,7075,9174,2891
2018-07-23,25662,6098,7231,9435,2898
2018-07-24,24973,5960,6892,9320,2801
2018-07-25,24216,5630,6680,9264,2642
2018-07-26,23051,5374,6239,8948,2490
2018-07-27,22412,5224,6051,8746,2391
2018-07-28,23892,5760,6646,8938,2548
2018-07-29,24985,6110,7051,9126,2698
2018-07-30,25064,6223,7210,8955,2676
2018-07-31,24828,6189,7124,8853,2662
2018-08-01,24902,6181,7069,8968,2684
2018-08-02,23756,5772,6523,8842,2619
2018-08-03,23423,5761,6389,8687,2586
2018-08-04,25297,6376,7146,9046,2729
2018-08-05,25045,6291,7106,8901,2747
2018-08-06,24600,6017,7007,8855,2721
2018-08-07,23389,5708,6639,8461,2581
2018-08-08,23029,5798,6372,8473,2386
2018-08-09,21944,5597,6059,8022,2266
2018-08-10,21063,5228,5735,7921,2179
2018-08-11,22772,5819,6233,8328,2392
2018-08-12,22453,5732,6240,8167,2314
2018-08-13,21949,5635,6067,7988,2259
2018-08-14,20485,5329,5460,7522,2174
2018-08-15,20911,5470,5726,7480,2235
2018-08-16,19182,4939,5267,6885,2091
2018-08-17,18973,4905,5129,6950,1989
2018-08-18,20902,5351,5956,7491,2104
2018-08-19,21198,5467,6080,7518,2133
2018-08-20,20110,5232,5533,7279,2066
2018-08-21,19528,5054,5371,7073,2030
2018-08-22,18567,4770,5143,6699,1955
2018-08-23,17433,4555,4795,6212,1871
2018-08-24,16195,4102,4470,5888,1735
2018-08-25,18696,4841,5355,6467,2033
2018-08-26,19665,5080,5681,6819,2085
2018-08-27,18447,4772,5266,6485,1924
2018-08-28,17192,4405,4909,5993,1885
2018-08-29,16406,4127,4624,5857,1798
2018-08-30,16566,4182,4611,5931,1842
2018-08-31,15994,4038,4341,5792,1823
2018-09-01,16967,4322,4835,5987,1823
2018-09-02,16294,4067,4620,5833,1774
2018-09-03,16453,4079,4722,5855,1797
2018-09-04,16072,4051,4513,5738,1770
2018-09-05,16035,3984,4401,5800,1850
2018-09-06,15809,3910,4438,5612,1849
2018-09-07,15991,4016,4488,5606,1881
2018-09-08,19088,4811,5584,6454,2239
2018-09-09,20334,5164,5982,6839,2349
2018-09-10,22129,5675,6560,7343,2551
2018-09-11,22035,5438,6452,7542,2603
2018-09-12,22251,5528,6609,7473,2641
2018-09-13,22180,5337,6447,7651,2745
2018-09-14,22503,5417,6544,7805,2737
2018-09-15,24511,5922,7198,8375,3016
2018-09-16,24316,5796,7118,8412,2990
2018-09-17,25141,6196,7186,8705,3054
2018-09-18,24298,6058,6867,8488,2885
2018-09-19,23548,5766,6722,8267,2793
2018-09-20,22641,5538,6358,8135,2610
2018-09-21,22386,5480,6252,8025,2629
2018-09-22,24474,5924,7057,8633,2860
2018-09-23,23804,5717,6877,8404,2806
2018-09-24,21769,5111,6254,7888,2516
2018-09-25,20259,4587,5812,7504,2356
2018-09-26,19355,4313,5591,7191,2260
2018-09-27,19657,4415,5683,7242,2317
2018-09-28,19054,4196,5478,7059,2321
2018-09-29,20025,4378,5935,7298,2414
2018-09-30,19689,4243,5826,7277,2343
2018-10-01,18089,3962,5304,6820,2003
2018-10-02,16632,3454,4909,6352,1917
2018-10-03,15612,3162,4573,6101,1776
2018-10-04,14866,3018,4334,5819,1695
2018-10-05,14203,2950,4001,5541,1711
2018-10-06,14119,2889,3952,5561,1717
2018-10-07,14426,2931,4134,5642,1719
2018-10-08,14386,2880,4174,5540,1792
2018-10-09,14513,2908,4175,5611,1819
2018-10-10,13828,2856,4090,5307,1575
2018-10-11,13068,2598,3871,5046,1553
2018-10-12,14714,3036,4391,5495,1792
2018-10-13,16423,3336,4914,6145,2028
2018-10-14,16111,3176,4799,6069,2067
2018-10-15,16499,3302,4917,6247,2033
2018-10-16,15011,2965,4337,5769,1940
2018-10-17,15425,3075,4476,5909,1965
2018-10-18,15577,3239,4481,5776,2081
2018-10-19,16327,3332,4716,6064,2215
2018-10-20,17662,3656,5320,6391,2295
2018-10-21,18130,3763,5617,6481,2269
2018-10-22,17337,3512,5408,6181,2236
2018-10-23,16372,3214,5238,5863,2057
2018-10-24,15573,3041,4925,5585,2022
2018-10-25,15843,3027,5118,5614,2084
2018-10-26,16363,3118,5324,5815,2106
2018-10-27,16719,3314,5596,5698,2111
2018-10-28,16940,3279,5682,5743,2236
2018-10-29,17223,3483,5731,5705,2304
2018-10-30,16806,3455,5436,5624,2291
2018-10-31,16350,3429,5157,5551,2213
2018-11-01,15709,3389,4880,5368,2072
2018-11-02,17415,4005,5253,5831,2326
2018-11-03,19642,4566,6037,6470,2569
2018-11-04,19620,4446,6098,6484,2592
2018-11-05,20503,4772,6397,6642,2692
2018-11-06,19728,4685,6141,6346,2556
2018-11-07,19931,4742,6178,6479,2532
2018-11-08,19798,4618,6149,6460,2571
2018-11-09,21003,4997,6517,6802,2687
2018-11-10,23313,5542,7314,7513,2944
2018-11-11,23178,5339,7369,7521,2949
2018-11-12,23773,5409,7795,7556,3013
2018-11-13,23417,5215,7686,7611,2905
2018-11-14,24810,5626,8151,8024,3009
2018-11-15,24639,5634,8140,7859,3006
2018-11-16,25494,5800,8582,8035,3077
2018-11-17,26999,6182,9187,8388,3242
2018-11-18,27518,6234,9551,8434,3299
2018-11-19,27938,6350,9762,8360,3466
2018-11-20,27026,6048,9559,8191,3228
2018-11-21,25932,5833,9147,7841,3111
2018-11-22,25810,5842,9000,7852,3116
2018-11-23,26946,6068,9468,8139,3271
2018-11-24,29412,6680,10288,8884,3560
2018-11-25,29440,6643,10348,8893,3556
2018-11-26,29683,6552,10463,9023,3645
2018-11-27,29422,6448,10347,9040,3587
2018-11-28,30231,6529,10586,9453,3663
2018-11-29,31062,6695,10771,9841,3755
2018-11-30,32712,6889,11531,10292,4000
2018-12-01,33973,7287,11925,10633,4128
2018-12-02,34152,7208,12100,10661,4183
2018-12-03,33540,7094,11922,10362,4162
2018-12-04,32775,6740,11710,10135,4190
2018-12-05,31573,6391,11422,9729,4031
2018-12-06,31362,6218,11363,9737,4044
2018-12-07,30693,6007,11124,9593,3969
2018-12-08,32448,6526,11694,10085,4143
2018-12-09,32127,6440,11679,9955,4053
2018-12-10,30575,5970,11096,9692,3817
2018-12-11,29034,5608,10663,9092,3671
2018-12-12,26964,4976,9997,8531,3460
2018-12-13,26253,4857,9579,8378,3439
2018-12-14,25827,4819,9369,8290,3349
2018-12-15,27018,5115,9834,8633,3436
2018-12-16,27340,5105,9988,8724,3523
2018-12-17,26511,4976,9654,8473,3408
2018-12-18,26261,4952,9634,8336,3339
2018-12-19,25094,4494,9185,7987,3428
2018-12-20,25240,4577,9277,8007,3379
2018-12-21,25136,4488,9365,8059,3224
2018-12-22,26897,4963,10008,8588,3338
2018-12-23,27218,4926,10131,8741,3420
2018-12-24,28416,5291,10670,8942,3513
2018-12-25,26921,4855,10213,8612,3241
2018-12-26,26869,4946,10268,8479,3176
2018-12-27,25206,4456,9690,7990,3070
2018-12-28,23337,3907,9206,7429,2795
2018-12-29,25557,4533,10051,7925,3048
2018-12-30,26715,4779,10500,8237,3199
2018-12-31,26300,4829,10183,8181,3107
2019-01-01,24036,4210,9361,7660,2805
2019-01-02,23543,4284,9029,7504,2726
2019-01-03,21873,3976,8237,7074,2586
2019-01-04,20461,3723,7734,6466,2538
2019-01-05,21906,4027,8331,6920,2628
2019-01-06,21678,3912,8333,6855,2578
2019-01-07,20578,3838,7830,6497,2413
2019-01-08,19553,3728,7403,6192,2230
2019-01-09,18489,3607,6894,5902,2086
2019-01-10,18219,3758,6481,5853,2127
2019-01-11,18084,3746,6381,5760,2197
2019-01-12,19503,4176,6829,6109,2389
2019-01-13,19878,4242,7063,6161,2412
2019-01-14,18260,3888,6531,5625,2216
2019-01-15,17423,3738,6139,5376,2170
2019-01-16,17432,3885,6136,5294,2117
2019-01-17,17854,4142,6390,5225,2097
2019-01-18,18216,4352,6492,5223,2149
2019-01-19,20579,4937,7213,5972,2457
2019-01-20,20966,4870,7509,6043,2544
2019-01-21,20707,4995,7210,5966,2536
2019-01-22,20568,4957,7077,5975,2559
2019-01-23,20890,5019,7333,5943,2595
2019-01-24,20688,4985,7213,5869,2621
2019-01-25,21296,5099,7456,6102,2639
2019-01-26,24509,5786,8687,6993,3043
2019-01-27,25287,5916,9030,7187,3154
2019-01-28,26108,6249,9142,7436,3281
2019-01-29,25781,6110,9155,7308,3208
2019-01-30,25929,5976,9242,7433,3278
2019-01-31,25441,5734,9318,7199,3190
2019-02-01,26658,6192,9769,7341,3356
2019-02-02,29382,6809,10699,8137,3737
2019-02-03,29606,6788,10892,8173,3753
2019-02-04,27059,5972,10030,7471,3586
2019-02-05,24773,5331,9233,6890,3319
2019-02-06,24462,5241,9094,6884,3243
2019-02-07,25470,5655,9340,7106,3369
2019-02-08,26687,5997,9608,7512,3570
2019-02-09,29367,6769,10564,8231,3803
2019-02-10,30401,7045,10987,8503,3866
2019-02-11,29420,6795,10675,8226,3724
2019-02-12,27468,6237,10044,7695,3492
2019-02-13,25872,5743,9553,7274,3302
2019-02-14,24978,5557,9270,6952,3199
2019-02-15,23628,5419,8700,6470,3039
2019-02-16,25202,5907,9181,6875,3239
2019-02-17,24990,5922,9081,6809,3178
2019-02-18,23586,5409,8641,6518,3018
2019-02-19,22272,5035,8125,6274,2838
2019-02-20,22004,4966,8047,6271,2720
2019-02-21,21387,4877,7846,6009,2655
2019-02-22,20580,4663,7659,5747,2511
2019-02-23,22416,5143,8291,6272,2710
2019-02-24,22772,5216,8350,6476,2730
2019-02-25,21767,5084,7874,6182,2627
2019-02-26,20835,4833,7526,5949,2527
2019-02-27,20316,4643,7231,5944,2498
2019-02-28,20698,4794,7402,6012,2490
2019-03-01,18554,4215,6736,5426,2177
2019-03-02,21701,5075,7948,6145,2533
2019-03-03,22045,5200,8102,6247,2496
2019-03-04,21051,4929,7789,5940,2393
2019-03-05,19913,4670,7380,5553,2310
2019-03-06,18902,4396,7007,5272,2227
2019-03-07,18273,4229,6669,5213,2162
2019-03-08,18511,4350,6747,5261,2153
2019-03-09,20550,4797,7494,5862,2397
2019-03-10,20941,4912,7652,5997,2380
2019-03-11,19586,4595,7382,5431,2178
2019-03-12,18330,4357,6804,5166,2003
2019-03-13,17375,4147,6329,4968,1931
2019-03-14,16894,4050,6045,4871,1928
2019-03-15,17926,4332,6409,5181,2004
2019-03-16,20280,4999,7270,5765,2246
2019-03-17,21317,5402,7641,5935,2339
2019-03-18,20398,5123,7443,5550,2282
2019-03-19,19133,4803,6911,5263,2156
2019-03-20,18020,4467,6599,4920,2034
2019-03-21,17352,4108,6410,4754,2080
2019-03-22,18799,4541,6760,5170,2328
2019-03-23,20285,4964,7321,5507,2493
2019-03-24,20548,5043,7475,5550,2480
2019-03-25,21436,5405,7676,5825,2530
2019-03-26,20569,5134,7391,5637,2407
2019-03-27,20674,5049,7490,5718,2417
2019-03-28,20618,5148,7338,5692,2440
2019-03-29,21845,5512,7675,6162,2496
2019-03-30,23456,5907,8371,6495,2683
2019-03-31,23455,5806,8401,6563,2685
2019-04-01,23647,5779,8671,6522,2675
2019-04-02,23307,5794,8502,6409,2602
2019-04-03,22667,5557,8220,6303,2587
2019-04-04,21817,5279,7845,6160,2533
2019-04-05,21832,5080,8007,6235,2510
2019-04-06,22027,5216,8103,6238,2470
2019-04-07,21839,5107,8135,6156,2441
2019-04-08,21445,5004,8048,6114,2279
2019-04-09,20137,4693,7415,5860,2169
2019-04-10,18803,4329,6869,5532,2073
2019-04-11,18330,4160,6696,5494,1980
2019-04-12,18755,4375,6764,5598,2018
2019-04-13,18735,4300,6812,5625,1998
2019-04-14,18528,4260,6802,5587,1879
2019-04-15,18066,4136,6653,5406,1871
2019-04-16,17074,3875,6210,5244,1745
2019-04-17,16143,3654,5881,4970,1638
2019-04-18,16018,3650,5795,4991,1582
2019-04-19,16443,3752,5784,5092,1815
2019-04-20,17223,3947,6033,5328,1915
2019-04-21,18454,4260,6484,5701,2009
2019-04-22,18346,4339,6504,5594,1909
2019-04-23,16743,3942,6109,5025,1667
2019-04-24,15910,3673,5762,4840,1635
2019-04-25,16050,3700,5690,4893,1767
2019-04-26,17766,4173,6254,5255,2084
2019-04-27,19517,4512,6921,5777,2307
2019-04-28,19663,4613,7013,5802,2235
2019-04-29,20058,4660,7130,5929,2339
2019-04-30,18212,4018,6549,5466,2179
2019-05-01,18396,4050,6634,5521,2191
2019-05-02,19695,4401,7101,5879,2314
2019-05-03,21216,4738,7574,6351,2553
2019-05-04,23683,5360,8449,7099,2775
2019-05-05,23132,5242,8238,6975,2677
2019-05-06,22141,4923,7983,6658,2577
2019-05-07,22087,5003,7988,6481,2615
2019-05-08,20828,4584,7547,6166,2531
2019-05-09,20526,4407,7468,6135,2516
2019-05-10,20691,4528,7493,6202,2468
2019-05-11,21798,4827,8052,6381,2538
2019-05-12,21107,4617,7801,6229,2460
2019-05-13,21345,4632,8055,6215,2443
2019-05-14,20445,4417,7715,6031,2282
2019-05-15,19691,4255,7398,5945,2093
2019-05-16,19739,4290,7394,5947,2108
2019-05-17,19929,4297,7465,6143,2024
2019-05-18,21173,4647,7804,6551,2171
2019-05-19,21717,4767,7939,6757,2254
2019-05-20,22008,4876,7940,6810,2382
2019-05-21,21931,4773,7873,6876,2409
2019-05-22,22127,4787,8000,6911,2429
2019-05-23,22430,4884,8122,6937,2487
2019-05-24,22468,4969,7977,7060,2462
2019-05-25,24942,5641,8864,7766,2671
2019-05-26,24724,5546,8724,7750,2704
2019-05-27,25304,5681,8909,7948,2766
2019-05-28,25601,5704,8894,8105,2898
2019-05-29,26316,5672,9301,8435,2908
2019-05-30,27806,6014,9822,9001,2969
2019-05-31,29882,6556,10669,9495,3162
2019-06-01,32290,7202,11534,10182,3372
2019-06-02,32329,7156,11571,10299,3303
2019-06-03,32004,7070,11524,10026,3384
2019-06-04,31135,6819,11166,9845,3305
2019-06-05,31236,6795,11191,9857,3393
2019-06-06,31259,6707,11154,9954,3444
2019-06-07,31896,6886,11265,10215,3530
2019-06-08,32933,7110,11634,10566,3623
2019-06-09,32882,7060,11581,10603,3638
2019-06-10,32565,6973,11368,10552,3672
2019-06-11,31869,6635,11236,10429,3569
2019-06-12,31505,6504,10987,10412,3602
2019-06-13,31381,6522,10819,10372,3668
2019-06-14,32476,6817,11221,10665,3773
2019-06-15,33726,7211,11638,11029,3848
2019-06-16,32964,6986,11373,10831,3774
2019-06-17,32450,6908,11159,10664,3719
2019-06-18,31268,6512,10774,10460,3522
2019-06-19,29919,6206,10417,9933,3363
2019-06-20,28773,5821,10110,9625,3217
2019-06-21,28413,5780,9875,9534,3224
2019-06-22,29933,6252,10226,10000,3455
2019-06-23,30601,6351,10415,10261,3574
2019-06-24,29974,6173,10245,10091,3465
2019-06-25,27602,5378,9479,9515,3230
2019-06-26,25537,4665,8823,9011,3038
2019-06-27,23999,4261,8373,8556,2809
2019-06-28,22915,3986,7936,8248,2745
2019-06-29,23946,4272,8168,8576,2930
2019-06-30,24233,4445,8228,8620,2940
2019-07-01,23036,4162,7769,8288,2817
2019-07-02,21748,3835,7252,7913,2748
2019-07-03,21807,3922,7223,8001,2661
2019-07-04,20382,3564,6624,7752,2442
2019-07-05,20676,3642,6846,7712,2476
2019-07-06,22638,4190,7547,8179,2722
2019-07-07,22823,4233,7607,8308,2675
2019-07-08,22688,4131,7606,8209,2742
2019-07-09,22426,3942,7408,8253,2823
2019-07-10,21434,3687,6992,8036,2719
2019-07-11,22575,4178,7244,8343,2810
2019-07-12,23448,4418,7494,8616,2920
2019-07-13,25339,4850,8149,9151,3189
2019-07-14,25419,4847,8088,9315,3169
2019-07-15,25938,4952,8167,9498,3321
2019-07-16,25630,4851,8051,9506,3222
2019-07-17,25858,4965,7990,9606,3297
2019-07-18,26261,4989,8229,9767,3276
2019-07-19,25946,4954,8110,9629,3253
2019-07-20,27132,5223,8526,9953,3430
2019-07-21,27861,5419,8813,10158,3471
2019-07-22,27113,5207,8555,10004,3347
2019-07-23,25470,4678,7955,9636,3201
2019-07-24,24075,4179,7566,9249,3081
2019-07-25,23399,4135,7360,8847,3057
2019-07-26,23562,4293,7437,8807,3025
2019-07-27,25326,4804,8127,9199,3196
2019-07-28,25731,4913,8261,9247,3310
2019-07-29,24705,4710,7895,8995,3105
2019-07-30,24136,4381,7779,8817,3159
2019-07-31,23309,4029,7422,8642,3216
2019-08-01,22869,4219,7159,8419,3072
2019-08-02,23001,4289,7083,8573,3056
2019-08-03,24203,4648,7611,8742,3202
2019-08-04,24278,4593,7716,8769,3200
2019-08-05,22946,4341,7220,8355,3030
2019-08-06,21735,4205,6740,8023,2767
2019-08-07,20669,4047,6394,7528,2700
2019-08-08,20590,4120,6337,7438,2695
2019-08-09,19929,4001,6162,7228,2538
2019-08-10,21768,4500,6762,7715,2791
2019-08-11,22360,4554,7000,7902,2904
2019-08-12,22180,4633,6953,7725,2869
2019-08-13,21605,4423,6798,7530,2854
2019-08-14,21285,4347,6740,7435,2763
2019-08-15,21979,4592,6982,7608,2797
2019-08-16,22170,4697,7044,7550,2879
2019-08-17,24416,5191,8036,8118,3071
2019-08-18,25095,5262,8310,8369,3154
2019-08-19,23998,5064,7805,8055,3074
2019-08-20,22601,4641,7363,7700,2897
2019-08-21,21406,4324,7076,7296,2710
2019-08-22,20748,4029,7035,7097,2587
2019-08-23,20193,3941,6747,6939,2566
2019-08-24,21932,4292,7445,7394,2801
2019-08-25,22580,4370,7670,7699,2841
2019-08-26,21644,4352,7150,7488,2654
2019-08-27,20472,3976,6637,7302,2557
2019-08-28,20204,4057,6358,7186,2603
2019-08-29,20268,3948,6434,7232,2654
2019-08-30,20431,3985,6452,7227,2767
2019-08-31,22270,4471,7178,7691,2930
2019-09-01,22233,4341,7246,7724,2922
2019-09-02,20976,4079,6831,7336,2730
2019-09-03,19758,3915,6337,6998,2508
2019-09-04,19520,3970,6146,6940,2464
2019-09-05,19140,3841,5956,6841,2502
2019-09-06,19965,4214,6125,7018,2608
2019-09-07,20204,4168,6268,7318,2450
2019-09-08,21287,4479,6692,7623,2493
2019-09-09,20748,4408,6513,7447,2380
2019-09-10,20305,4392,6293,7272,2348
2019-09-11,20899,4514,6558,7392,2435
2019-09-12,18806,3945,5889,6815,2157
2019-09-13,17003,3429,5301,6313,1960
2019-09-14,17064,3487,5332,6302,1943
2019-09-15,17704,3648,5617,6451,1988
2019-09-16,17725,3662,5665,6362,2036
2019-09-17,17185,3556,5528,6202,1899
2019-09-18,16397,3547,5180,5882,1788
2019-09-19,15677,3329,4951,5669,1728
2019-09-20,15816,3379,4981,5678,1778
2019-09-21,17175,3829,5431,5968,1947
2019-09-22,17504,3807,5497,6216,1984
2019-09-23,16360,3520,4971,6009,1860
2019-09-24,15480,3409,4403,5877,1791
2019-09-25,15340,3356,4350,5847,1787
2019-09-26,15229,3275,4360,5852,1742
2019-09-27,16568,3632,4925,6144,1867
2019-09-28,18064,4081,5462,6465,2056
2019-09-29,19209,4333,5923,6736,2217
2019-09-30,17100,3791,5230,6005,2074
2019-10-01,15939,3537,4732,5767,1903
2019-10-02,15627,3486,4667,5611,1863
2019-10-03,16256,3704,4921,5773,1858
2019-10-04,15658,3474,4737,5591,1856
2019-10-05,16597,3777,4912,5931,1977
2019-10-06,16820,3785,5020,5989,2026
2019-10-07,15226,3298,4507,5594,1827
2019-10-08,15770,3512,4694,5665,1899
2019-10-09,15780,3435,4676,5786,1883
2019-10-10,15561,3388,4623,5726,1824
2019-10-11,16188,3567,4980,5636,2005
2019-10-12,17870,4089,5565,6025,2191
2019-10-13,18305,4203,5709,6216,2177
2019-10-14,17653,3921,5621,6134,1977
2019-10-15,16710,3776,5146,5919,1869
2019-10-16,16099,3559,5121,5620,1799
2019-10-17,15821,3358,5198,5433,1832
2019-10-18,16471,3662,5283,5549,1977
2019-10-19,18768,4333,6087,6157,2191
2019-10-20,20729,4937,6728,6630,2434
2019-10-21,20369,4820,6659,6502,2388
2019-10-22,19883,4663,6447,6492,2281
2019-10-23,19235,4471,6114,6463,2187
2019-10-24,19158,4501,6076,6431,2150
2019-10-25,20243,4717,6501,6721,2304
2019-10-26,21999,5219,7085,7203,2492
2019-10-27,21280,5057,6877,6960,2386
2019-10-28,20860,4870,6815,6748,2427
2019-10-29,20489,4691,6677,6767,2354
2019-10-30,19866,4448,6365,6804,2249
2019-10-31,19992,4229,6523,6882,2358
2019-11-01,19537,4097,6268,6846,2326
2019-11-02,21238,4632,6736,7306,2564
2019-11-03,21377,4663,6782,7402,2530
2019-11-04,21002,4538,6657,7343,2464
2019-11-05,19663,4195,6183,6960,2325
2019-11-06,18545,3828,5687,6825,2205
2019-11-07,18452,3810,5701,6805,2136
2019-11-08,18156,3763,5520,6785,2088
2019-11-09,19996,4231,6198,7225,2342
2019-11-10,20008,4227,6134,7283,2364
2019-11-11,19236,4206,5719,7002,2309
2019-11-12,18140,3971,5344,6644,2181
2019-11-13,18561,4118,5632,6635,2176
2019-11-14,18949,4183,5846,6695,2225
2019-11-15,19152,4511,5973,6494,2174
2019-11-16,21242,4949,6746,7161,2386
2019-11-17,21129,4816,6712,7245,2356
2019-11-18,20697,4710,6455,7179,2353
2019-11-19,20071,4917,6118,6764,2272
2019-11-20,20606,5291,6198,6898,2219
2019-11-21,21802,5838,6576,7105,2283
2019-11-22,22441,6064,6819,7243,2315
2019-11-23,24397,6710,7448,7837,2402
2019-11-24,25173,7109,7694,7943,2427
2019-11-25,25824,7178,7929,8141,2576
2019-11-26,25516,7068,7790,8068,2590
2019-11-27,25684,7004,7882,8153,2645
2019-11-28,25682,6939,7921,8188,2634
2019-11-29,26821,7183,8231,8651,2756
2019-11-30,28679,7720,8840,9175,2944
2019-12-01,28105,7594,8660,9039,2812
2019-12-02,27219,7207,8330,8991,2691
2019-12-03,25783,6767,7835,8704,2477
2019-12-04,25004,6576,7521,8524,2383
2019-12-05,24332,6530,7313,8299,2190
2019-12-06,23700,6334,7092,8117,2157
2019-12-07,24844,6689,7502,8405,2248
2019-12-08,25095,6743,7488,8541,2323
2019-12-09,24223,6646,7231,8119,2227
2019-12-10,23544,6501,6992,7815,2236
2019-12-11,21960,5899,6524,7383,2154
2019-12-12,20886,5631,6196,6970,2089
2019-12-13,22209,6056,6492,7356,2305
2019-12-14,23281,6464,6919,7528,2370
2019-12-15,23818,6568,7065,7757,2428
2019-12-16,23637,6663,6943,7642,2389
2019-12-17,23165,6553,6813,7475,2324
2019-12-18,23178,6518,6922,7411,2327
2019-12-19,22223,6095,6608,7259,2261
2019-12-20,23682,6481,7105,7763,2333
2019-12-21,25243,6862,7766,8142,2473
2019-12-22,26116,7078,8125,8357,2556
2019-12-23,26493,7287,8138,8467,2601
2019-12-24,26349,7105,8038,8559,2647
2019-12-25,24703,6727,7432,8072,2472
2019-12-26,24870,6771,7531,8112,2456
2019-12-27,25337,6898,7750,8224,2465
2019-12-28,27677,7509,8621,8829,2718
2019-12-29,28591,7844,8844,9075,2828
2019-12-30,28984,7880,8968,9264,2872
2019-12-31,27504,7440,8353,8949,2762
2020-01-01,25126,6774,7535,8310,2507
2020-01-02,23603,6387,6997,7859,2360
2020-01-03,22280,6069,6624,7303,2284
2020-01-04,23039,6292,6926,7490,2331
2020-01-05,22903,6132,7008,7481,2282
2020-01-06,21092,5704,6368,6929,2091
2020-01-07,19153,5084,5659,6527,1883
2020-01-08,17793,4705,5118,6194,1776
2020-01-09,16036,4207,4627,5521,1681
2020-01-10,16693,4320,4867,5651,1855
2020-01-11,18171,4703,5445,6039,1984
2020-01-12,18699,4904,5678,6181,1936
2020-01-13,18586,4764,5671,6225,1926
2020-01-14,17665,4590,5265,5943,1867
2020-01-15,18759,4844,5670,6204,2041
2020-01-16,19032,4970,5831,6137,2094
2020-01-17,19424,5018,6057,6261,2088
2020-01-18,21710,5703,6823,6891,2293
2020-01-19,22996,6052,7212,7348,2384
2020-01-20,22983,6056,7137,7308,2482
2020-01-21,22200,5843,6755,7116,2486
2020-01-22,22165,5870,6614,7174,2507
2020-01-23,23463,6263,7139,7333,2728
2020-01-24,20862,5602,6147,6725,2388
2020-01-25,18806,5009,5429,6250,2118
2020-01-26,17089,4451,4841,5879,1918
2020-01-27,17080,4511,4913,5755,1901
2020-01-28,18664,4915,5522,6099,2128
2020-01-29,18743,4982,5526,6141,2094
2020-01-30,18216,4832,5383,5981,2020
2020-01-31,18440,5016,5505,5883,2036
2020-02-01,19589,5483,5838,6162,2106
2020-02-02,19684,5509,5869,6197,2109
2020-02-03,17772,5021,5153,5742,1856
2020-02-04,15954,4493,4518,5260,1683
2020-02-05,15532,4341,4527,4966,1698
2020-02-06,15912,4274,4759,5095,1784
2020-02-07,16321,4310,4992,5234,1785
2020-02-08,18841,5043,5824,5885,2089
2020-02-09,19723,5287,6186,6109,2141
2020-02-10,18983,5028,5950,5895,2110
2020-02-11,18837,5021,5866,5919,2031
2020-02-12,18807,5012,5748,5912,2135
2020-02-13,19879,5285,5959,6223,2412
2020-02-14,21245,5610,6405,6698,2532
2020-02-15,24958,6657,7694,7731,2876
2020-02-16,26643,7030,8399,8182,3032
2020-02-17,25951,6577,8364,8044,2966
2020-02-18,23451,5849,7618,7324,2660
2020-02-19,23318,5690,7588,7329,2711
2020-02-20,23042,5682,7545,7191,2624
2020-02-21,23355,5777,7600,7308,2670
2020-02-22,24483,6134,8108,7525,2716
2020-02-23,24029,6011,8085,7284,2649
2020-02-24,22419,5518,7454,6914,2533
2020-02-25,20624,5028,6810,6450,2336
2020-02-26,20033,4860,6655,6251,2267
2020-02-27,19999,4841,6693,6215,2250
2020-02-28,18747,4497,6251,5857,2142
2020-02-29,19346,4703,6592,5864,2187
2020-03-01,19358,4716,6640,5833,2169
2020-03-02,17700,4254,6032,5390,2024
2020-03-03,16446,3853,5581,5115,1897
2020-03-04,16051,3689,5351,5076,1935
2020-03-05,14994,3374,4934,4839,1847
2020-03-06,16803,3837,5461,5368,2137
2020-03-07,19374,4595,6291,6049,2439
2020-03-08,20143,4784,6534,6306,2519
2020-03-09,20229,4863,6505,6373,2488
2020-03-10,20718,5031,6748,6412,2527
2020-03-11,21420,5243,7002,6653,2522
2020-03-12,19636,4780,6408,6018,2430
2020-03-13,22029,5395,7422,6530,2682
2020-03-14,24351,6099,8298,7119,2835
2020-03-15,24463,6095,8390,7111,2867
2020-03-16,25517,6413,8766,7347,2991
2020-03-17,25704,6326,8760,7491,3127
2020-03-18,26648,6531,9128,7778,3211
2020-03-19,26946,6681,9228,7734,3303
2020-03-20,27694,6905,9532,7888,3369
2020-03-21,29098,7299,10069,8235,3495
2020-03-22,28436,7083,9924,8014,3415
2020-03-23,28414,6985,9930,8074,3425
2020-03-24,27681,6840,9607,7910,3324
2020-03-25,27398,6878,9591,7701,3228
2020-03-26,26848,6687,9425,7560,3176
2020-03-27,26528,6625,9281,7414,3208
2020-03-28,27960,7091,9871,7708,3290
2020-03-29,27997,7203,9802,7649,3343
2020-03-30,27478,7023,9532,7639,3284
2020-03-31,26988,6864,9453,7361,3310
2020-04-01,25632,6404,8979,6993,3256
2020-04-02,24413,6077,8546,6615,3175
2020-04-03,22715,5535,8024,6231,2925
2020-04-04,22497,5542,7997,6144,2814
2020-04-05,22405,5489,8032,6076,2808
2020-04-06,20633,5168,7338,5531,2596
2020-04-07,19098,4824,6653,5215,2406
2020-04-08,17884,4597,6241,4767,2279
2020-04-09,17251,4330,6071,4629,2221
2020-04-10,18200,4549,6315,4923,2413
2020-04-11,19960,5094,6920,5388,2558
2020-04-12,20472,5280,7085,5505,2602
2020-04-13,19743,5177,6902,5242,2422
2020-04-14,18754,4925,6480,4970,2379
2020-04-15,18192,4886,6283,4709,2314
2020-04-16,17402,4719,5982,4507,2194
2020-04-17,17691,4843,6152,4406,2290
2020-04-18,20244,5570,6975,5103,2596
2020-04-19,21531,5867,7406,5462,2796
2020-04-20,21156,5899,7266,5331,2660
2020-04-21,20078,5700,6867,4944,2567
2020-04-22,19695,5459,6939,4849,2448
2020-04-23,18787,5188,6765,4463,2371
2020-04-24,19584,5446,7024,4712,2402
2020-04-25,21457,6002,7842,5098,2515
2020-04-26,21884,6146,8020,5153,2565
2020-04-27,20776,5733,7517,5012,2514
2020-04-28,20069,5492,7205,4849,2523
2020-04-29,20186,5479,7279,4792,2636
2020-04-30,19324,5228,6973,4614,2509
2020-05-01,18486,4962,6722,4412,2390
2020-05-02,19889,5325,7322,4709,2533
2020-05-03,20087,5319,7423,4804,2541
2020-05-04,19216,5126,7055,4532,2503
2020-05-05,17991,4753,6673,4253,2312
2020-05-06,16602,4278,6291,3927,2106
2020-05-07,15922,4096,6088,3751,1987
2020-05-08,15257,3967,5796,3567,1927
2020-05-09,16376,4372,6079,3903,2022
2020-05-10,16223,4295,6140,3808,1980
2020-05-11,15220,4073,5827,3497,1823
2020-05-12,14296,3827,5445,3241,1783
2020-05-13,14119,3726,5239,3350,1804
2020-05-14,13696,3540,5113,3247,1796
2020-05-15,14992,3867,5635,3607,1883
2020-05-16,21326,5515,7819,5356,2636
2020-05-17,23478,5997,8633,5941,2907
2020-05-18,25221,6737,9026,6380,3078
2020-05-19,24350,6516,8664,6178,2992
2020-05-20,24574,6616,8836,6109,3013
2020-05-21,24550,6574,8860,6057,3059
2020-05-22,25386,6774,9153,6279,3180
2020-05-23,28517,7605,10274,7079,3559
2020-05-24,29225,7676,10534,7337,3678
2020-05-25,27911,7249,10021,7040,3601
2020-05-26,27329,7174,9835,6815,3505
2020-05-27,26425,7020,9570,6531,3304
2020-05-28,25564,6754,9321,6205,3284
2020-05-29,24683,6541,8999,5952,3191
2020-05-30,27038,7185,9796,6664,3393
2020-05-31,27761,7454,10024,6818,3465
2020-06-01,27085,7333,9648,6762,3342
2020-06-02,25180,6847,9051,6310,2972
2020-06-03,24848,6670,8839,6293,3046
2020-06-04,24318,6575,8382,6271,3090
2020-06-05,23500,6143,8290,6163,2904
2020-06-06,25439,6670,8979,6674,3116
2020-06-07,26050,6946,9071,6877,3156
2020-06-08,25098,6619,8703,6643,3133
2020-06-09,23455,6129,8122,6198,3006
2020-06-10,22937,6060,7989,5936,2952
2020-06-11,22095,5693,7697,5844,2861
2020-06-12,22236,5621,7633,6048,2934
2020-06-13,24763,6353,8539,6636,3235
2020-06-14,25286,6534,8659,6834,3259
2020-06-15,24469,6419,8348,6572,3130
2020-06-16,23608,6209,8156,6288,2955
2020-06-17,23536,6249,7952,6255,3080
2020-06-18,22523,6027,7544,5995,2957
2020-06-19,22427,5836,7479,6172,2940
2020-06-20,24590,6465,8158,6781,3186
2020-06-21,24902,6605,8319,6861,3117
2020-06-22,24347,6475,8051,6752,3069
2020-06-23,23569,6306,7685,6561,3017
2020-06-24,23255,6070,7719,6518,2948
2020-06-25,23369,6056,7740,6592,2981
2020-06-26,24468,6499,8121,6731,3117
2020-06-27,27987,7462,9367,7600,3558
2020-06-28,28791,7694,9741,7725,3631
2020-06-29,29251,7862,9867,7783,3739
2020-06-30,28657,7693,9675,7628,3661
2020-07-01,27855,7452,9359,7507,3537
2020-07-02,26552,7011,8883,7207,3451
2020-07-03,25970,6628,8779,7111,3452
2020-07-04,27753,7106,9501,7503,3643
2020-07-05,28582,7472,9706,7681,3723
2020-07-06,26919,7021,9019,7289,3590
2020-07-07,25899,6631,8705,7096,3467
2020-07-08,24932,6437,8299,6915,3281
2020-07-09,24075,6008,8096,6752,3219
2020-07-10,23711,5757,8064,6711,3179
2020-07-11,25808,6323,8911,7238,3336
2020-07-12,25825,6323,8956,7227,3319
2020-07-13,24505,5986,8535,6899,3085
2020-07-14,23804,5723,8274,6790,3017
2020-07-15,23175,5492,8135,6727,2821
2020-07-16,22849,5468,7990,6756,2635
2020-07-17,23741,5763,8293,6960,2725
2020-07-18,27107,6700,9496,7851,3060
2020-07-19,28130,6979,9973,8054,3124
2020-07-20,27364,6610,9980,7800,2974
2020-07-21,25807,6194,9510,7324,2779
2020-07-22,24381,5717,9019,6968,2677
2020-07-23,23100,5303,8682,6642,2473
2020-07-24,23539,5329,8829,6817,2564
2020-07-25,26413,6069,9859,7584,2901
2020-07-26,26975,6171,10172,7733,2899
2020-07-27,25901,5888,9766,7409,2838
2020-07-28,25300,5636,9695,7209,2760
2020-07-29,24653,5536,9582,6973,2562
2020-07-30,24011,5356,9470,6709,2476
2020-07-31,24533,5563,9664,6797,2509
2020-08-01,26835,6223,10389,7440,2783
2020-08-02,27160,6296,10552,7499,2813
2020-08-03,27782,6397,10805,7633,2947
2020-08-04,28381,6495,11189,7656,3041
2020-08-05,27750,6283,11077,7406,2984
2020-08-06,28565,6553,11322,7608,3082
2020-08-07,31124,7347,12240,8126,3411
2020-08-08,33581,8111,13147,8730,3593
2020-08-09,33486,8104,13163,8705,3514
2020-08-10,33681,8120,13142,8908,3511
2020-08-11,33384,8007,13058,8805,3514
2020-08-12,34287,8127,13506,9120,3534
2020-08-13,34590,8151,13610,9209,3620
2020-08-14,34936,8189,13720,9423,3604
2020-08-15,37624,8937,14729,10061,3897
2020-08-16,38751,9205,15134,10351,4061
2020-08-17,35282,8181,13890,9506,3705
2020-08-18,35027,8066,13817,9401,3743
2020-08-19,33574,7618,13275,9091,3590
2020-08-20,32161,7345,12806,8584,3426
2020-08-21,30526,6835,12219,8221,3251
2020-08-22,30829,6977,12358,8227,3267
2020-08-23,31028,7012,12483,8246,3287
2020-08-24,30374,6890,12243,8034,3207
2020-08-25,30174,6805,12081,7972,3316
2020-08-26,29575,6502,11829,8058,3186
2020-08-27,28766,6209,11601,7923,3033
2020-08-28,29081,6283,11722,8072,3004
2020-08-29,31738,7021,12683,8737,3297
2020-08-30,32854,7356,13160,8960,3378
2020-08-31,32655,7261,13129,8890,3375
2020-09-01,30919,6806,12516,8397,3200
2020-09-02,29204,6362,11867,7997,2978
2020-09-03,27727,5903,11358,7599,2867
2020-09-04,26805,5711,10994,7282,2818
2020-09-05,29301,6393,11822,7961,3125
2020-09-06,29595,6464,11931,8101,3099
2020-09-07,27165,5779,10978,7528,2880
2020-09-08,25320,5338,10254,6923,2805
2020-09-09,23590,4956,9559,6458,2617
2020-09-10,21670,4510,8777,5902,2481
2020-09-11,20793,4266,8370,5687,2470
2020-09-12,22854,4799,9103,6241,2711
2020-09-13,23631,4946,9454,6468,2763
2020-09-14,21540,4407,8613,5913,2607
2020-09-15,20114,4135,7962,5521,2496
2020-09-16,18722,3844,7430,5021,2427
2020-09-17,18110,3760,7235,4828,2287
2020-09-18,18357,3971,7229,4966,2191
2020-09-19,21254,4804,8256,5689,2505
2020-09-20,21683,4936,8395,5807,2545
2020-09-21,22660,5205,8661,6058,2736
2020-09-22,22391,5029,8575,6005,2782
2020-09-23,22043,4820,8744,5712,2767
2020-09-24,22208,4916,8812,5695,2785
2020-09-25,23423,5019,9337,6046,3021
2020-09-26,27271,5943,10873,7089,3366
2020-09-27,29211,6542,11555,7539,3575
2020-09-28,28931,6378,11369,7605,3579
2020-09-29,29131,6384,11580,7711,3456
2020-09-30,27390,5873,11047,7274,3196
2020-10-01,25339,5245,10398,6740,2956
2020-10-02,24804,5100,10222,6644,2838
2020-10-03,27846,5845,11258,7509,3234
2020-10-04,29244,6298,11735,7862,3349
2020-10-05,28393,6070,11217,7781,3325
2020-10-06,27171,5678,10691,7572,3230
2020-10-07,25615,5218,10261,7115,3021
2020-10-08,23600,4601,9590,6507,2902
2020-10-09,23321,4505,9439,6504,2873
2020-10-10,24297,4756,9791,6732,3018
2020-10-11,24143,4628,9833,6703,2979
2020-10-12,21347,3921,8812,5990,2624
2020-10-13,22040,4253,8867,6167,2753
2020-10-14,21897,4222,8779,6182,2714
2020-10-15,19691,3705,7939,5504,2543
2020-10-16,19746,3808,7815,5540,2583
2020-10-17,22054,4430,8586,6165,2873
2020-10-18,21996,4408,8483,6268,2837
2020-10-19,20786,4215,7954,5855,2762
2020-10-20,18331,3708,7044,5139,2440
2020-10-21,17243,3457,6689,4840,2257
2020-10-22,16177,3244,6247,4554,2132
2020-10-23,17346,3768,6599,4869,2110
2020-10-24,19957,4413,7500,5630,2414
2020-10-25,20266,4457,7605,5767,2437
2020-10-26,19629,4185,7330,5668,2446
2020-10-27,15560,3120,6003,4480,1957
2020-10-28,16416,3489,6211,4621,2095
2020-10-29,17512,3786,6542,4917,2267
2020-10-30,18106,4008,6727,4999,2372
2020-10-31,20339,4460,7558,5716,2605
2020-11-01,21236,4817,7883,5813,2723
2020-11-02,20538,4634,7571,5619,2714
2020-11-03,19411,4398,7056,5332,2625
2020-11-04,18776,4223,6808,5104,2641
2020-11-05,18395,4191,6618,5105,2481
2020-11-06,20431,4681,7388,5642,2720
2020-11-07,23850,5555,8554,6667,3074
2020-11-08,25287,5818,9161,7085,3223
2020-11-09,24603,5674,8942,6821,3166
2020-11-10,23717,5460,8706,6445,3106
2020-11-11,22692,5086,8435,6116,3055
2020-11-12,22078,4945,8185,5924,3024
2020-11-13,22163,4889,8296,6023,2955
2020-11-14,23901,5287,8881,6567,3166
2020-11-15,24261,5287,9139,6609,3226
2020-11-16,23271,5083,8668,6300,3220
2020-11-17,21518,4622,8068,5799,3029
2020-11-18,19963,4150,7527,5343,2943
2020-11-19,17981,3530,6899,4847,2705
2020-11-20,18821,3805,6949,5203,2864
2020-11-21,20990,4445,7656,5829,3060
2020-11-22,21353,4563,7835,5849,3106
2020-11-23,21327,4605,7660,5912,3150
2020-11-24,20209,4323,7288,5588,3010
2020-11-25,19115,4039,6861,5319,2896
2020-11-26,18009,3759,6517,4950,2783
2020-11-27,17438,3732,6321,4763,2622
2020-11-28,18988,4090,6920,5190,2788
2020-11-29,19157,4082,7038,5211,2826
2020-11-30,18426,3780,6788,5147,2711
2020-12-01,18046,3606,6730,4959,2751
2020-12-02,17538,3490,6534,4801,2713
2020-12-03,17582,3573,6476,4861,2672
2020-12-04,18203,3736,6591,5094,2782
2020-12-05,20263,4288,7426,5558,2991
2020-12-06,20825,4342,7612,5837,3034
2020-12-07,19160,3990,7103,5338,2729
2020-12-08,17495,3540,6559,4928,2468
2020-12-09,16457,3337,6103,4689,2328
2020-12-10,15080,2936,5614,4327,2203
2020-12-11,16012,3293,5919,4518,2282
2020-12-12,17554,3670,6559,4822,2503
2020-12-13,18106,3771,6715,5032,2588
2020-12-14,16596,3521,6070,4604,2401
2020-12-15,14758,3008,5386,4231,2133
2020-12-16,14238,2988,4994,4149,2107
2020-12-17,14237,3138,5013,4011,2075
2020-12-18,15593,3553,5473,4344,2223
2020-12-19,18420,4351,6504,5053,2512
2020-12-20,18646,4393,6635,5157,2461
2020-12-21,19529,4585,6825,5574,2545
2020-12-22,20316,4807,6935,5890,2684
2020-12-23,21092,4981,7317,6117,2677
2020-12-24,23011,5436,8058,6611,2906
2020-12-25,21590,4956,7585,6281,2768
2020-12-26,24744,5827,8630,7126,3161
2020-12-27,26097,6170,9206,7406,3315
2020-12-28,26610,6220,9394,7594,3402
2020-12-29,25624,5959,9070,7131,3464
2020-12-30,25710,5931,9146,7187,3446
2020-12-31,25424,5852,8993,7116,3463
2021-01-01,23030,5151,8137,6531,3211
2021-01-02,25009,5696,8760,7116,3437
2021-01-03,25145,5777,8747,7173,3448
2021-01-04,24424,5639,8457,6940,3388
2021-01-05,23382,5337,7968,6743,3334
2021-01-06,22516,5087,7689,6559,3181
2021-01-07,20690,4635,7048,6085,2922
2021-01-08,20934,4744,7137,6064,2989
2021-01-09,23216,5421,7782,6778,3235
2021-01-10,24115,5657,8102,7037,3319
2021-01-11,23051,5377,7590,6892,3192
2021-01-12,22230,5026,7408,6741,3055
2021-01-13,21941,4970,7193,6757,3021
2021-01-14,20880,4632,6764,6579,2905
2021-01-15,20701,4704,6578,6512,2907
2021-01-16,22533,5248,7193,6903,3189
2021-01-17,23437,5514,7491,7186,3246
2021-01-18,21346,4910,6909,6567,2960
2021-01-19,19966,4483,6427,6213,2843
2021-01-20,19348,4311,6265,5977,2795
2021-01-21,18006,4004,5731,5613,2658
2021-01-22,17640,3905,5435,5636,2664
2021-01-23,19087,4232,6006,6066,2783
2021-01-24,19584,4350,6148,6224,2862
2021-01-25,19834,4549,6168,6348,2769
2021-01-26,19757,4577,6088,6276,2816
2021-01-27,20628,4844,6397,6522,2865
2021-01-28,20492,4710,6477,6517,2788
2021-01-29,21228,4979,6668,6676,2905
2021-01-30,23230,5456,7427,7240,3107
2021-01-31,23952,5668,7685,7410,3189
2021-02-01,23200,5436,7400,7354,3010
2021-02-02,22912,5301,7298,7310,3003
2021-02-03,22396,5281,6981,7205,2929
2021-02-04,21195,4948,6452,6996,2799
2021-02-05,21799,5268,6648,7165,2718
2021-02-06,24800,6131,7700,7869,3100
2021-02-07,25787,6427,8038,8140,3182
2021-02-08,25443,6173,7845,8214,3211
2021-02-09,24322,5893,7464,7856,3109
2021-02-10,24011,5803,7553,7598,3057
2021-02-11,22010,5271,6910,7036,2793
2021-02-12,20022,4717,6203,6523,2579
2021-02-13,20429,4814,6415,6618,2582
2021-02-14,21819,5327,6784,6978,2730
2021-02-15,21329,5085,6584,6908,2752
2021-02-16,19934,4631,6110,6585,2608
2021-02-17,18416,4231,5579,6124,2482
2021-02-18,17703,3998,5396,5884,2425
2021-02-19,17562,3950,5422,5852,2338
2021-02-20,19564,4481,6114,6479,2490
2021-02-21,19776,4566,6126,6578,2506
2021-02-22,18755,4308,5585,6441,2421
2021-02-23,17990,4075,5251,6288,2376
2021-02-24,17026,3844,4776,6121,2285
2021-02-25,16480,3594,4624,6071,2191
2021-02-26,17301,3869,4850,6277,2305
2021-02-27,19521,4577,5520,6909,2515
2021-02-28,20275,4821,5760,7071,2623
2021-03-01,19256,4535,5237,6971,2513
2021-03-02,17814,4214,4804,6381,2415
2021-03-03,17481,4164,4599,6374,2344
2021-03-04,16585,3986,4331,6066,2202
2021-03-05,16609,3991,4446,5956,2216
2021-03-06,19593,4789,5512,6719,2573
2021-03-07,20281,4946,5745,6961,2629
2021-03-08,18843,4591,5091,6662,2499
2021-03-09,17044,4059,4490,6247,2248
2021-03-10,16383,3841,4295,5976,2271
2021-03-11,15849,3722,4237,5695,2195
2021-03-12,15631,3656,4324,5483,2168
2021-03-13,17822,4266,4951,6166,2439
2021-03-14,18956,4569,5266,6513,2608
2021-03-15,18338,4284,5040,6410,2604
2021-03-16,17554,4136,4783,6120,2515
2021-03-17,17190,4085,4711,5988,2406
2021-03-18,17046,4031,4611,6062,2342
2021-03-19,17059,3987,4667,6037,2368
2021-03-20,19079,4552,5315,6656,2556
2021-03-21,20055,4838,5577,6955,2685
2021-03-22,19747,4654,5405,7017,2671
2021-03-23,18710,4294,5055,6745,2616
2021-03-24,19246,4504,5204,6813,2725
2021-03-25,19468,4584,5375,6831,2678
2021-03-26,19879,4677,5472,6973,2757
2021-03-27,21627,5113,6119,7433,2962
2021-03-28,22150,5179,6305,7636,3030
2021-03-29,21819,5073,6105,7672,2969
2021-03-30,21211,4889,5844,7500,2978
2021-03-31,20958,4734,5764,7489,2971
2021-04-01,20037,4513,5438,7259,2827
2021-04-02,19810,4449,5453,7158,2750
2021-04-03,20768,4647,5819,7392,2910
2021-04-04,21221,4733,5945,7596,2947
2021-04-05,20305,4506,5593,7275,2931
2021-04-06,19101,4047,5119,7050,2885
2021-04-07,18110,3926,4733,6762,2689
2021-04-08,17390,3746,4422,6607,2615
2021-04-09,17795,3797,4665,6535,2798
2021-04-10,19354,4279,5106,6944,3025
2021-04-11,19728,4431,5230,7028,3039
2021-04-12,17927,3956,4575,6513,2883
2021-04-13,17017,3616,4244,6361,2796
2021-04-14,16379,3430,4119,6128,2702
2021-04-15,15378,3184,3831,5755,2608
2021-04-16,16098,3501,4293,5836,2468
2021-04-17,18736,4217,5077,6691,2751
2021-04-18,19687,4388,5394,7069,2836
2021-04-19,17655,3753,4805,6548,2549
2021-04-20,16223,3517,4294,6145,2267
2021-04-21,15077,3160,3825,5979,2113
2021-04-22,14708,3106,3869,5725,2008
2021-04-23,15685,3536,4264,5841,2044
2021-04-24,17404,3898,4765,6475,2266
2021-04-25,18065,4007,4926,6780,2352
2021-04-26,17312,3819,4798,6434,2261
2021-04-27,15913,3468,4253,6084,2108
2021-04-28,15412,3399,4162,5742,2109
2021-04-29,15909,3761,4270,5753,2125
2021-04-30,17210,4358,4828,5809,2215
2021-05-01,18307,4661,5223,6052,2371
2021-05-02,20449,5220,5873,6766,2590
2021-05-03,19728,5079,5594,6583,2472
2021-05-04,19151,4891,5500,6377,2383
2021-05-05,17528,4344,4968,6026,2190
2021-05-06,17480,4338,5073,5904,2165
2021-05-07,17654,4459,5111,5888,2196
2021-05-08,19864,5025,5928,6523,2388
2021-05-09,20993,5265,6313,6852,2563
2021-05-10,19720,4885,5845,6604,2386
2021-05-11,18817,4648,5463,6338,2368
2021-05-12,18447,4559,5219,6313,2356
2021-05-13,18034,4440,5110,6188,2296
2021-05-14,18420,4622,5267,6154,2377
2021-05-15,20588,5116,6148,6730,2594
2021-05-16,20705,5274,6025,6798,2608
2021-05-17,19975,5150,5940,6391,2494
2021-05-18,20556,5182,6252,6535,2587
2021-05-19,19748,4949,5994,6307,2498
2021-05-20,20305,5138,6267,6359,2541
2021-05-21,20728,5201,6460,6431,2636
2021-05-22,22764,5719,7156,6970,2919
2021-05-23,23633,5927,7443,7246,3017
2021-05-24,23195,5790,7200,7235,2970
2021-05-25,23010,5705,7240,7194,2871
2021-05-26,22731,5519,7015,7278,2919
2021-05-27,22507,5485,6947,7143,2932
2021-05-28,22879,5475,7108,7287,3009
2021-05-29,24635,5890,7686,7855,3204
2021-05-30,25016,6007,7810,7949,3250
2021-05-31,23532,5547,7261,7537,3187
2021-06-01,22124,5150,6796,7055,3123
2021-06-02,21256,4945,6543,6700,3068
2021-06-03,19902,4610,6007,6393,2892
2021-06-04,21874,5084,6625,6998,3167
2021-06-05,25136,5779,7824,8009,3524
2021-06-06,25750,6026,7993,8151,3580
2021-06-07,24852,5772,7639,7899,3542
2021-06-08,24129,5493,7291,7807,3538
2021-06-09,23275,5320,6956,7554,3445
2021-06-10,22380,5112,6749,7328,3191
2021-06-11,22341,5116,6661,7311,3253
2021-06-12,23646,5386,7052,7776,3432
2021-06-13,24375,5608,7323,7938,3506
2021-06-14,23775,5538,7010,7712,3515
2021-06-15,21677,4912,6269,7270,3226
2021-06-16,20443,4616,5868,6874,3085
2021-06-17,18658,4162,5251,6301,2944
2021-06-18,18612,4167,5318,6234,2893
2021-06-19,19908,4526,5765,6560,3057
2021-06-20,20356,4670,5869,6685,3132
2021-06-21,18992,4226,5499,6345,2922
2021-06-22,18026,4021,5124,6091,2790
2021-06-23,17160,3774,4957,5780,2649
2021-06-24,16169,3544,4627,5477,2521
2021-06-25,17027,3908,4885,5588,2646
2021-06-26,18970,4441,5452,6145,2932
2021-06-27,19886,4677,5700,6471,3038
2021-06-28,19071,4351,5499,6284,2937
2021-06-29,18739,4294,5413,6154,2878
2021-06-30,18682,4312,5290,6201,2879
2021-07-01,17876,4152,5099,5879,2746
2021-07-02,17682,4172,5063,5868,2579
2021-07-03,18555,4391,5481,6099,2584
2021-07-04,19427,4731,5679,6312,2705
2021-07-05,18076,4307,5186,6036,2547
2021-07-06,16934,4123,4731,5722,2358
2021-07-07,16096,3863,4310,5648,2275
2021-07-08,16920,4080,4618,5856,2366
2021-07-09,17487,4197,4754,6116,2420
2021-07-10,19407,4839,5346,6611,2611
2021-07-11,20500,5143,5698,6927,2732
2021-07-12,19067,4734,5160,6601,2572
2021-07-13,18703,4654,5038,6456,2555
2021-07-14,17251,4302,4390,6098,2461
2021-07-15,16289,4015,4124,5790,2360
2021-07-16,16921,4235,4420,5852,2414
2021-07-17,19191,4813,5210,6455,2713
2021-07-18,20798,5147,5831,6925,2895
2021-07-19,19140,4615,5242,6521,2762
2021-07-20,17664,4244,4624,6156,2640
2021-07-21,16740,4129,4372,5822,2417
2021-07-22,16010,3909,4103,5671,2327
2021-07-23,15587,3849,3960,5486,2292
2021-07-24,16859,4246,4395,5769,2449
2021-07-25,17226,4289,4493,5942,2502
2021-07-26,17160,4279,4549,5892,2440
2021-07-27,16432,4092,4253,5623,2464
2021-07-28,15885,3964,4131,5402,2388
2021-07-29,15804,4163,4040,5285,2316
2021-07-30,16873,4510,4464,5420,2479
2021-07-31,18857,5001,5179,5882,2795
2021-08-01,20472,5554,5820,6181,2917
2021-08-02,19201,5149,5431,5828,2793
2021-08-03,18736,5020,5150,5814,2752
2021-08-04,18359,4862,5176,5598,2723
2021-08-05,17510,4537,4844,5457,2672
2021-08-06,17739,4574,5153,5321,2691
2021-08-07,19381,5103,5633,5751,2894
2021-08-08,20120,5307,5880,5974,2959
2021-08-09,18709,4900,5436,5607,2766
2021-08-10,17585,4571,5034,5389,2591
2021-08-11,16967,4383,4788,5303,2493
2021-08-12,15858,4051,4410,5068,2329
2021-08-13,16234,4218,4535,5107,2374
2021-08-14,18239,4873,5218,5530,2618
2021-08-15,18872,5029,5349,5808,2686
2021-08-16,17477,4725,4755,5495,2502
2021-08-17,16637,4382,4534,5304,2417
2021-08-18,15697,3973,4393,5012,2319
2021-08-19,16104,3976,4663,5140,2325
2021-08-20,16575,4154,4854,5202,2365
2021-08-21,17764,4419,5366,5459,2520
2021-08-22,19177,4926,5771,5788,2692
2021-08-23,18355,4600,5418,5669,2668
2021-08-24,16948,4157,5017,5199,2575
2021-08-25,16001,3966,4734,4933,2368
2021-08-26,15537,3797,4623,4828,2289
2021-08-27,16005,4045,4717,4982,2261
2021-08-28,18014,4620,5511,5388,2495
2021-08-29,19641,5060,6036,5851,2694
2021-08-30,18361,4781,5600,5486,2494
2021-08-31,17012,4525,5108,5013,2366
2021-09-01,16602,4378,5047,4948,2229
2021-09-02,16003,4295,4881,4791,2036
2021-09-03,17628,4796,5439,5190,2203
2021-09-04,20465,5489,6514,5978,2484
2021-09-05,21604,5836,6866,6327,2575
2021-09-06,20718,5363,6678,6162,2515
2021-09-07,16400,3961,5378,4952,2109
2021-09-08,16494,4032,5407,4901,2154
2021-09-09,16605,4143,5394,4940,2128
2021-09-10,16830,4198,5524,4991,2117
2021-09-11,18184,4617,5899,5470,2198
2021-09-12,18669,4700,6081,5626,2262
2021-09-13,19745,4872,6432,6048,2393
2021-09-14,18805,4629,6157,5702,2317
2021-09-15,18481,4422,6089,5708,2262
2021-09-16,18245,4258,6039,5725,2223
2021-09-17,19283,4629,6448,5919,2287
2021-09-18,20958,5135,7066,6333,2424
2021-09-19,21692,5216,7362,6597,2517
2021-09-20,19342,4585,6494,5990,2273
2021-09-21,17424,4087,5867,5457,2013
2021-09-22,16299,3831,5497,5168,1803
2021-09-23,17192,4078,5878,5262,1974
2021-09-24,19579,4750,6575,5843,2411
2021-09-25,21574,5318,7235,6427,2594
2021-09-26,22908,5683,7644,6871,2710
2021-09-27,22164,5391,7438,6693,2642
2021-09-28,20956,5128,7041,6270,2517
2021-09-29,19631,4700,6603,6024,2304
2021-09-30,18586,4320,6157,5874,2235
2021-10-01,17799,4106,5865,5760,2068
2021-10-02,18635,4399,6169,5906,2161
2021-10-03,18675,4426,6213,5875,2161
2021-10-04,16986,3951,5618,5440,1977
2021-10-05,15864,3709,5217,5036,1902
2021-10-06,15390,3524,5059,4952,1855
2021-10-07,14444,3407,4634,4646,1757
2021-10-08,14908,3672,4742,4702,1792
2021-10-09,16260,3926,5302,5110,1922
2021-10-10,16480,3940,5285,5294,1961
2021-10-11,15293,3681,4845,4978,1789
2021-10-12,15656,3821,5099,4880,1856
2021-10-13,15811,3802,5219,4834,1956
2021-10-14,15737,3829,5162,4776,1970
2021-10-15,16820,4216,5545,4961,2098
2021-10-16,18570,4744,6112,5423,2291
2021-10-17,19837,4999,6669,5806,2363
2021-10-18,18910,4680,6413,5572,2245
2021-10-19,17927,4457,6089,5234,2147
2021-10-20,17082,4186,5701,5110,2085
2021-10-21,15955,3851,5294,4845,1965
2021-10-22,17268,4374,5662,5132,2100
2021-10-23,18434,4651,6202,5354,2227
2021-10-24,19363,4861,6635,5606,2261
2021-10-25,18319,4503,6419,5243,2154
2021-10-26,18132,4557,6207,5208,2160
2021-10-27,14603,3611,5009,4307,1676
2021-10-28,15336,3880,5072,4477,1907
2021-10-29,16851,4372,5650,4814,2015
2021-10-30,18201,4590,6246,5178,2187
2021-10-31,18866,4727,6464,5455,2220
2021-11-01,18142,4468,6228,5311,2135
2021-11-02,17938,4454,6173,5198,2113
2021-11-03,17454,4325,5946,5091,2092
2021-11-04,17032,4265,5806,4975,1986
2021-11-05,17866,4410,6074,5309,2073
2021-11-06,19059,4713,6451,5741,2154
2021-11-07,20110,4919,6900,6120,2171
2021-11-08,19898,4958,6862,5967,2111
2021-11-09,19405,4686,6651,5976,2092
2021-11-10,19180,4664,6529,5950,2037
2021-11-11,18585,4546,6359,5677,2003
2021-11-12,18851,4546,6374,5833,2098
2021-11-13,20412,5059,6910,6211,2232
2021-11-14,20350,5072,6957,6116,2205
2021-11-15,19358,4833,6722,5640,2163
2021-11-16,18182,4470,6374,5298,2040
2021-11-17,17224,4213,6066,5046,1899
2021-11-18,16536,3958,5778,4878,1922
2021-11-19,18427,4470,6501,5352,2104
2021-11-20,20085,4884,7136,5845,2220
2021-11-21,21217,5137,7541,6213,2326
2021-11-22,21070,5063,7405,6285,2317
2021-11-23,20915,4994,7411,6250,2260
2021-11-24,19848,4587,7049,6075,2137
2021-11-25,20052,4639,7105,6091,2217
2021-11-26,21710,5094,7658,6470,2488
2021-11-27,24432,5854,8617,7213,2748
2021-11-28,25263,6119,8939,7382,2823
2021-11-29,25484,6221,9073,7441,2749
2021-11-30,24278,5804,8746,7220,2508
2021-12-01,24038,5733,8664,7174,2467
2021-12-02,24052,5668,8590,7325,2469
2021-12-03,24059,5554,8676,7368,2461
2021-12-04,25200,5824,9150,7644,2582
2021-12-05,25974,6027,9484,7722,2741
2021-12-06,25609,5821,9405,7686,2697
2021-12-07,24733,5499,9046,7469,2719
2021-12-08,23926,5421,8677,7245,2583
2021-12-09,23572,5201,8553,7170,2648
2021-12-10,24753,5615,8895,7470,2773
2021-12-11,27264,6246,9845,8164,3009
2021-12-12,28164,6578,10201,8290,3095
2021-12-13,28794,6831,10344,8494,3125
2021-12-14,28253,6417,10319,8484,3033
2021-12-15,28786,6376,10525,8736,3149
2021-12-16,28454,6338,10374,8712,3030
2021-12-17,29967,6689,10912,9186,3180
2021-12-18,32381,7410,11693,9828,3450
2021-12-19,34131,7868,12293,10343,3627
2021-12-20,33495,7761,11920,10239,3575
2021-12-21,32945,7697,11576,10196,3476
2021-12-22,32595,7796,11469,9945,3385
2021-12-23,32054,7622,11422,9672,3338
2021-12-24,33411,8027,11925,9962,3497
2021-12-25,33322,8016,11945,9912,3449
2021-12-26,35177,8496,12605,10402,3674
2021-12-27,35635,8604,12855,10344,3832
2021-12-28,35771,8670,12873,10314,3914
2021-12-29,36293,8752,13097,10570,3874
2021-12-30,37388,9162,13379,10912,3935
2021-12-31,37401,9139,13374,10984,3904
2022-01-01,35539,8701,12711,10456,3671
2022-01-02,37272,9319,13214,10865,3874
2022-01-03,35585,8793,12623,10476,3693
2022-01-04,33768,8296,12014,9913,3545
2022-01-05,32072,7832,11294,9473,3473
2022-01-06,30102,7264,10686,8884,3268
2022-01-07,28109,6865,9997,8188,3059
2022-01-08,29578,7244,10466,8649,3219
2022-01-09,30161,7400,10648,8850,3263
2022-01-10,27458,6674,9609,8180,2995
2022-01-11,24859,5894,8696,7590,2679
2022-01-12,22620,5114,7907,7151,2448
2022-01-13,21102,4793,7368,6697,2244
2022-01-14,20144,4583,6860,6400,2301
2022-01-15,20714,4840,6966,6576,2332
2022-01-16,21296,4992,7221,6722,2361
2022-01-17,19976,4588,6765,6437,2186
2022-01-18,18787,4340,6334,6047,2066
2022-01-19,18456,4207,6281,5831,2137
2022-01-20,17967,4208,5895,5739,2125
2022-01-21,18082,4203,5933,5757,2189
2022-01-22,19984,4706,6577,6285,2416
2022-01-23,21003,5008,7030,6525,2440
2022-01-24,20344,4847,6732,6411,2354
2022-01-25,19875,4756,6511,6313,2295
2022-01-26,19965,4801,6531,6252,2381
2022-01-27,20034,4863,6526,6367,2278
2022-01-28,21189,5171,7023,6674,2321
2022-01-29,22023,5320,7378,6960,2365
2022-01-30,22453,5440,7553,7022,2438
2022-01-31,20048,4695,6811,6436,2106
2022-02-01,18095,4111,6147,5915,1922
2022-02-02,18071,4076,6199,5844,1952
2022-02-03,18078,4200,6124,5747,2007
2022-02-04,17724,4087,5984,5611,2042
2022-02-05,18537,4188,6367,5860,2122
2022-02-06,19055,4349,6556,6005,2145
2022-02-07,17369,4012,5869,5532,1956
2022-02-08,16339,3678,5634,5258,1769
2022-02-09,16877,3869,5823,5290,1895
2022-02-10,16671,3858,5714,5232,1867
2022-02-11,17095,3946,5817,5357,1975
2022-02-12,18696,4416,6407,5776,2097
2022-02-13,19650,4691,6740,6062,2157
2022-02-14,18130,4302,6214,5600,2014
2022-02-15,17265,4023,5901,5407,1934
2022-02-16,16265,3798,5476,5144,1847
2022-02-17,15899,3643,5386,5101,1769
2022-02-18,16110,3716,5482,5171,1741
2022-02-19,17731,4043,6088,5597,2003
2022-02-20,18768,4337,6473,5864,2094
2022-02-21,17842,4154,6077,5560,2051
2022-02-22,17261,3956,5950,5392,1963
2022-02-23,17020,3895,5874,5403,1848
2022-02-24,17054,3962,5822,5400,1870
2022-02-25,16965,4059,5671,5307,1928
2022-02-26,18440,4516,6193,5661,2070
2022-02-27,19655,4940,6604,5946,2165
2022-02-28,20270,5228,6716,6090,2236
2022-03-01,21566,5535,7153,6530,2348
2022-03-02,21203,5402,7111,6414,2276
2022-03-03,20373,5004,6960,6228,2181
2022-03-04,20025,5006,6770,6165,2084
2022-03-05,21379,5380,7227,6546,2226
2022-03-06,21961,5541,7405,6708,2307
2022-03-07,20403,5040,6803,6334,2226
2022-03-08,20135,5059,6564,6287,2225
2022-03-09,20735,5184,6814,6412,2325
2022-03-10,19374,4832,6357,6019,2166
2022-03-11,18736,4620,6231,5800,2085
2022-03-12,19457,4771,6476,5990,2220
2022-03-13,19520,4737,6553,6014,2216
2022-03-14,17486,4188,5884,5455,1959
2022-03-15,16368,3945,5464,5186,1773
2022-03-16,16506,4047,5457,5199,1803
2022-03-17,15756,3767,5212,5022,1755
2022-03-18,15942,3901,5235,5068,1738
2022-03-19,16965,4144,5607,5335,1879
2022-03-20,18290,4490,6128,5674,1998
2022-03-21,17375,4249,5789,5399,1938
2022-03-22,16918,4184,5754,5182,1798
2022-03-23,16116,4008,5381,5014,1713
2022-03-24,15431,3760,5157,4948,1566
2022-03-25,15731,3948,5200,5004,1579
2022-03-26,17191,4298,5696,5455,1742
2022-03-27,18366,4537,6167,5821,1841
2022-03-28,17305,4290,5685,5657,1673
2022-03-29,15733,3914,5135,5184,1500
2022-03-30,15506,3728,5001,5191,1586
2022-03-31,15617,3802,5028,5181,1606
2022-04-01,15813,3880,5100,5219,1614
2022-04-02,17945,4512,5756,5856,1821
2022-04-03,18452,4580,6040,5958,1874
2022-04-04,17423,4358,5731,5532,1802
2022-04-05,16829,4210,5593,5229,1797
2022-04-06,15986,3999,5178,5053,1756
2022-04-07,15376,3943,4874,4823,1736
2022-04-08,16079,4090,5223,4924,1842
2022-04-09,17542,4499,5783,5281,1979
2022-04-10,18404,4719,6080,5486,2119
2022-04-11,17041,4239,5624,5196,1982
2022-04-12,16979,4306,5556,5080,2037
2022-04-13,17013,4432,5464,4988,2129
2022-04-14,16880,4357,5374,5030,2119
2022-04-15,17155,4459,5506,5030,2160
2022-04-16,18639,4834,6109,5403,2293
2022-04-17,19661,5069,6568,5703,2321
2022-04-18,20351,5171,6924,5864,2392
2022-04-19,20893,5330,7146,6008,2409
2022-04-20,21543,5418,7474,6243,2408
2022-04-21,21279,5307,7398,6206,2368
2022-04-22,21048,5141,7329,6265,2313
2022-04-23,23880,5787,8325,7084,2684
2022-04-24,24648,5989,8562,7324,2773
2022-04-25,24656,6033,8592,7279,2752
2022-04-26,24813,5914,8773,7300,2826
2022-04-27,24752,5739,8893,7283,2837
2022-04-28,24512,5612,8899,7152,2849
2022-04-29,25581,5944,9230,7329,3078
2022-04-30,28809,6924,10299,8112,3474
2022-05-01,28868,6964,10350,8085,3469
2022-05-02,28976,6884,10518,8103,3471
2022-05-03,29534,6986,10742,8308,3498
2022-05-04,30368,7335,11016,8482,3535
2022-05-05,29985,7146,11077,8291,3471
2022-05-06,31767,7656,11782,8592,3737
2022-05-07,33544,8163,12436,9014,3931
2022-05-08,33727,8134,12532,9129,3932
2022-05-09,33586,8135,12389,9138,3924
2022-05-10,33772,8154,12494,9175,3949
2022-05-11,33872,8266,12464,9097,4045
2022-05-12,34145,8272,12536,9242,4095
2022-05-13,35251,8592,12797,9603,4259
2022-05-14,37367,9154,13495,10243,4475
2022-05-15,37909,9231,13655,10484,4539
2022-05-16,38396,9326,13728,10672,4670
2022-05-17,38055,9107,13579,10666,4703
2022-05-18,38117,9184,13430,10729,4774
2022-05-19,38852,9366,13644,11031,4811
2022-05-20,39823,9568,14002,11373,4880
2022-05-21,42057,10155,14749,12054,5099
2022-05-22,43043,10462,15091,12321,5169
2022-05-23,43494,10761,15173,12333,5227
2022-05-24,43616,10674,15246,12395,5301
2022-05-25,43797,10886,15046,12591,5274
2022-05-26,44150,11108,15040,12648,5354
2022-05-27,44923,11255,15237,12914,5517
2022-05-28,46707,11774,15744,13466,5723
2022-05-29,47791,12130,16031,13833,5797
2022-05-30,47485,12025,15788,13881,5791
2022-05-31,48138,12036,16052,14121,5929
2022-06-01,46968,11793,15561,13762,5852
2022-06-02,47515,11861,15673,14060,5921
2022-06-03,48489,12084,16041,14367,5997
2022-06-04,49791,12394,16517,14705,6175
2022-06-05,50588,12589,16850,14893,6256
2022-06-06,49413,12155,16522,14629,6107
2022-06-07,48848,12117,16310,14302,6119
2022-06-08,48070,11881,15802,14248,6139
2022-06-09,47383,11626,15540,14078,6139
2022-06-10,47210,11577,15455,14033,6145
2022-06-11,48875,12060,16030,14487,6298
2022-06-12,49659,12257,16267,14792,6343
2022-06-13,49458,12322,15949,14923,6264
2022-06-14,51202,12889,16368,15581,6364
2022-06-15,52248,13043,16798,15856,6551
2022-06-16,52660,13196,16901,15951,6612
2022-06-17,52605,13195,16857,16019,6534
2022-06-18,54225,13674,17400,16557,6594
2022-06-19,54998,13925,17690,16721,6662
2022-06-20,54221,13642,17397,16595,6587
2022-06-21,52676,13255,16835,16166,6420
2022-06-22,52090,13178,16498,15963,6451
2022-06-23,50109,12699,15683,15491,6236
2022-06-24,50216,12664,15669,15584,6299
2022-06-25,51363,12988,16059,15948,6368
2022-06-26,52501,13360,16515,16192,6434
2022-06-27,51006,13030,16001,15660,6315
2022-06-28,49662,12547,15531,15402,6182
2022-06-29,48498,12232,15053,15040,6173
2022-06-30,47819,12051,14720,14942,6106
2022-07-01,47781,11981,14702,15012,6086
2022-07-02,48589,12247,15082,15064,6196
2022-07-03,48543,12262,15106,15026,6149
2022-07-04,47404,11956,14728,14688,6032
2022-07-05,46947,11798,14423,14621,6105
2022-07-06,45187,11258,13866,14236,5827
2022-07-07,45587,11187,14025,14451,5924
2022-07-08,46044,11311,14187,14546,6000
2022-07-09,47432,11755,14671,14861,6145
2022-07-10,47923,11976,14783,15008,6156
2022-07-11,46671,11559,14515,14632,5965
2022-07-12,46473,11515,14291,14616,6051
2022-07-13,46488,11508,14374,14576,6030
2022-07-14,46127,11436,14190,14493,6008
2022-07-15,46019,11511,14113,14484,5911
2022-07-16,47306,11753,14530,14966,6057
2022-07-17,48238,12065,14811,15191,6171
2022-07-18,47022,11554,14411,15000,6057
2022-07-19,42010,10052,13061,13224,5673
2022-07-20,41670,9931,13035,13095,5609
2022-07-21,40094,9372,12569,12695,5458
2022-07-22,39617,9172,12296,12735,5414
2022-07-23,41306,9698,12831,13124,5653
2022-07-24,42642,10050,13357,13454,5781
2022-07-25,41265,9531,12879,13192,5663
2022-07-26,40971,9448,12699,13134,5690
2022-07-27,40543,9320,12568,12975,5680
2022-07-28,39707,9144,12150,12845,5568
2022-07-29,39537,9053,12144,12781,5559
2022-07-30,40709,9425,12643,12976,5665
2022-07-31,41112,9557,12791,13068,5696
2022-08-01,39848,9248,12300,12683,5617
2022-08-02,38446,8730,11910,12281,5525
2022-08-03,37359,8533,11497,11960,5369
2022-08-04,35675,8017,11102,11508,5048
2022-08-05,35305,7850,11001,11513,4941
2022-08-06,36888,8267,11562,11856,5203
2022-08-07,38030,8529,11968,12161,5372
2022-08-08,35537,7789,11043,11572,5133
2022-08-09,33658,7198,10415,11027,5018
2022-08-10,32601,6978,9962,10783,4878
2022-08-11,30896,6545,9356,10161,4834
2022-08-12,31072,6735,9446,10122,4769
2022-08-13,32906,7322,10117,10516,4951
2022-08-14,34201,7705,10559,10836,5101
2022-08-15,33868,7602,10467,10699,5100
2022-08-16,32305,6998,9921,10453,4933
2022-08-17,30653,6547,9389,9961,4756
2022-08-18,28698,6050,8756,9383,4509
2022-08-19,27001,5556,8371,8799,4275
2022-08-20,27780,5665,8718,9007,4390
2022-08-21,28232,5905,8889,8973,4465
2022-08-22,27014,5691,8610,8561,4152
2022-08-23,26012,5430,8380,8163,4039
2022-08-24,24964,5224,8122,7723,3895
2022-08-25,23809,5018,7586,7521,3684
2022-08-26,23210,4898,7410,7305,3597
2022-08-27,25769,5378,8212,8189,3990
2022-08-28,27752,5838,8847,8851,4216
2022-08-29,27657,5706,8744,9017,4190
2022-08-30,28662,5843,9068,9333,4418
2022-08-31,29346,5969,9215,9590,4572
2022-09-01,30044,6077,9582,9836,4549
2022-09-02,31233,6510,9940,10132,4651
2022-09-03,34698,7358,11277,10994,5069
2022-09-04,36142,7722,11737,11421,5262
2022-09-05,33880,6939,11048,10730,5163
2022-09-06,33362,6668,11039,10479,5176
2022-09-07,33972,6886,11190,10660,5236
2022-09-08,35772,7340,11809,11225,5398
2022-09-09,33886,6821,11230,10735,5100
2022-09-10,32384,6387,10739,10313,4945
2022-09-11,32478,6413,10731,10337,4997
2022-09-12,34270,6966,11318,10842,5144
2022-09-13,33521,6873,11065,10506,5077
2022-09-14,32774,6760,10762,10299,4953
2022-09-15,31821,6406,10602,9995,4818
2022-09-16,31839,6441,10620,9919,4859
2022-09-17,34703,7100,11672,10797,5134
2022-09-18,35735,7398,12061,11090,5186
2022-09-19,33261,6784,11147,10468,4862
2022-09-20,32887,6718,11092,10397,4680
2022-09-21,31969,6576,10851,10089,4453
2022-09-22,31302,6467,10420,9953,4462
2022-09-23,31009,6261,10426,9804,4518
2022-09-24,33355,6884,11351,10351,4769
2022-09-25,33944,7029,11601,10524,4790
2022-09-26,32481,6689,11081,10049,4662
2022-09-27,31195,6279,10681,9842,4393
2022-09-28,30429,6011,10462,9617,4339
2022-09-29,29058,5542,10021,9249,4246
2022-09-30,29078,5420,9999,9369,4290
2022-10-01,30535,6002,10418,9650,4465
2022-10-02,31168,6340,10623,9688,4517
2022-10-03,30052,5977,10227,9436,4412
2022-10-04,29176,5663,10111,9172,4230
2022-10-05,29142,5732,10010,9131,4269
2022-10-06,28241,5576,9664,8869,4132
2022-10-07,29542,6326,9944,9091,4181
2022-10-08,32202,7418,10708,9694,4382
2022-10-09,33038,7883,10903,9815,4437
2022-10-10,32436,7632,10667,9700,4437
2022-10-11,30990,7194,10256,9266,4274
2022-10-12,29806,6813,9894,8992,4107
2022-10-13,29023,6560,9594,8816,4053
2022-10-14,28195,6288,9347,8562,3998
2022-10-15,30250,6833,10013,9178,4226
2022-10-16,30757,7075,10102,9284,4296
2022-10-17,29283,6655,9537,8919,4172
2022-10-18,28020,6327,9033,8642,4018
2022-10-19,26982,6037,8600,8377,3968
2022-10-20,25688,5770,8279,8019,3620
2022-10-21,25785,5729,8471,7973,3612
2022-10-22,27941,6139,9307,8580,3915
2022-10-23,28768,6357,9634,8789,3988
2022-10-24,28175,6154,9319,8675,4027
2022-10-25,27813,6112,9131,8571,3999
2022-10-26,27626,5949,9058,8650,3969
2022-10-27,24411,5103,7863,7789,3656
2022-10-28,26392,5606,8668,8293,3825
2022-10-29,29492,6429,9715,9112,4236
2022-10-30,31240,6921,10309,9625,4385
2022-10-31,28166,6179,9120,8832,4035
2022-11-01,27398,5963,8980,8580,3875
2022-11-02,26761,5630,8700,8496,3935
2022-11-03,26892,5545,8829,8532,3986
2022-11-04,27405,5708,8902,8703,4092
2022-11-05,29083,6324,9520,9127,4112
2022-11-06,29230,6456,9538,9127,4109
2022-11-07,28592,6239,9289,9014,4050
2022-11-08,28303,6232,9196,8919,3956
2022-11-09,27494,6086,8853,8724,3831
2022-11-10,26962,5849,8639,8736,3738
2022-11-11,27554,6119,8741,8862,3832
2022-11-12,29324,6808,9347,9223,3946
2022-11-13,30115,7073,9590,9469,3983
2022-11-14,28874,6690,9145,9157,3882
2022-11-15,28171,6500,8773,9075,3823
2022-11-16,27506,6303,8577,8971,3655
2022-11-17,25618,5785,7950,8524,3359
2022-11-18,26311,6032,8117,8799,3363
2022-11-19,28333,6591,8793,9377,3572
2022-11-20,29002,6789,8956,9648,3609
2022-11-21,28681,6624,8908,9611,3538
2022-11-22,28005,6461,8676,9405,3463
2022-11-23,27908,6340,8656,9432,3480
2022-11-24,27985,6265,8628,9583,3509
2022-11-25,29903,6780,9247,10163,3713
2022-11-26,32428,7426,10130,10836,4036
2022-11-27,33781,7778,10513,11264,4226
2022-11-28,33615,7739,10492,11280,4104
2022-11-29,32443,7370,10153,11052,3868
2022-11-30,32958,7475,10243,11308,3932
2022-12-01,32563,7325,10006,11268,3964
2022-12-02,32632,7272,10012,11323,4025
2022-12-03,34223,7778,10609,11642,4194
2022-12-04,35016,8053,10907,11800,4256
2022-12-05,33283,7507,10274,11408,4094
2022-12-06,31008,6902,9502,10778,3826
2022-12-07,29610,6544,9057,10265,3744
2022-12-08,28526,6077,8883,10034,3532
2022-12-09,28974,6184,9080,10112,3598
2022-12-10,30593,6576,9729,10544,3744
2022-12-11,31468,6800,10032,10785,3851
2022-12-12,30662,6586,9724,10636,3716
2022-12-13,29576,6236,9317,10412,3611
2022-12-14,28263,5924,8928,9942,3469
2022-12-15,27458,5709,8649,9633,3467
2022-12-16,27998,5784,8793,9838,3583
2022-12-17,30177,6270,9579,10440,3888
2022-12-18,30920,6491,9839,10635,3955
2022-12-19,30027,6195,9483,10473,3876
2022-12-20,29681,6131,9277,10386,3887
2022-12-21,28965,5846,9105,10208,3806
2022-12-22,28957,5873,9112,10136,3836
2022-12-23,29607,6127,9400,10254,3826
2022-12-24,32452,7029,10338,10972,4113
2022-12-25,32240,6907,10268,10927,4138
2022-12-26,32473,6832,10386,11000,4255
2022-12-27,33086,6885,10538,11253,4410
2022-12-28,34006,7022,10717,11736,4531
2022-12-29,34585,7319,10790,11902,4574
2022-12-30,35200,7439,11054,12182,4525
2022-12-31,39220,8601,12494,13183,4942
2023-01-01,37170,8030,11781,12642,4717
2023-01-02,35386,7636,11196,12022,4532
2023-01-03,33230,7057,10401,11459,4313
2023-01-04,31881,6706,9977,11081,4117
2023-01-05,29688,6085,9195,10503,3905
2023-01-06,28001,5484,8608,10145,3764
2023-01-07,28894,5774,8831,10404,3885
2023-01-08,29062,5921,8883,10421,3837
2023-01-09,26740,5124,7989,9948,3679
2023-01-10,24616,4401,7258,9493,3464
2023-01-11,23299,4106,6632,9170,3391
2023-01-12,22115,3870,6258,8725,3262
2023-01-13,22045,3936,6327,8583,3199
2023-01-14,23622,4408,7036,8846,3332
2023-01-15,23445,4341,6958,8810,3336
2023-01-16,22530,4119,6603,8641,3167
2023-01-17,22049,3934,6518,8521,3076
2023-01-18,21446,3830,6356,8259,3001
2023-01-19,21790,3901,6453,8386,3050
2023-01-20,22483,4108,6769,8605,3001
2023-01-21,21920,3901,6592,8472,2955
2023-01-22,20219,3381,6052,8032,2754
2023-01-23,19283,3152,5705,7835,2591
2023-01-24,19626,3223,5925,7850,2628
2023-01-25,19287,3324,5709,7710,2544
2023-01-26,19658,3632,5829,7516,2681
2023-01-27,21047,4107,6197,7861,2882
2023-01-28,23931,4753,7269,8732,3177
2023-01-29,25411,5091,7865,9098,3357
2023-01-30,25046,5012,7732,9122,3180
2023-01-31,24331,4749,7671,8830,3081
2023-02-01,23579,4560,7337,8654,3028
2023-02-02,22603,4197,6935,8471,3000
2023-02-03,22441,4195,6866,8418,2962
2023-02-04,23979,4755,7397,8662,3165
2023-02-05,24731,4855,7680,8902,3294
2023-02-06,23635,4617,7226,8611,3181
2023-02-07,22686,4425,6861,8295,3105
2023-02-08,21767,4385,6674,7793,2915
2023-02-09,21288,4108,6453,7833,2894
2023-02-10,21743,4245,6694,7917,2887
2023-02-11,24409,4992,7613,8618,3186
2023-02-12,25425,5167,7934,9006,3318
2023-02-13,23862,4721,7340,8621,3180
2023-02-14,22501,4466,6744,8260,3031
2023-02-15,22158,4240,6636,8279,3003
2023-02-16,21581,3987,6488,8169,2937
2023-02-17,22015,4227,6577,8206,3005
2023-02-18,24666,4979,7484,8973,3230
2023-02-19,25184,5092,7696,9152,3244
2023-02-20,24278,4808,7274,9084,3112
2023-02-21,23003,4352,6984,8668,2999
2023-02-22,22149,4081,6764,8459,2845
2023-02-23,21495,3858,6646,8258,2733
2023-02-24,22009,3972,6942,8395,2700
2023-02-25,23938,4353,7764,8827,2994
2023-02-26,24377,4347,7924,9001,3105
2023-02-27,22886,4124,7367,8418,2977
2023-02-28,22565,3914,7300,8369,2982
2023-03-01,22321,3728,7278,8348,2967
2023-03-02,21362,3561,6795,8150,2856
2023-03-03,21681,3794,6739,8278,2870
2023-03-04,23308,4147,7379,8761,3021
2023-03-05,24097,4368,7686,8974,3069
2023-03-06,22348,3910,7099,8515,2824
2023-03-07,21320,3684,6637,8314,2685
2023-03-08,20902,3649,6570,8121,2562
2023-03-09,19601,3258,6220,7693,2430
2023-03-10,20174,3532,6521,7680,2441
2023-03-11,22250,3996,7283,8355,2616
2023-03-12,22528,3952,7377,8539,2660
2023-03-13,21284,3717,6932,8231,2404
2023-03-14,21003,3747,6737,8106,2413
2023-03-15,20604,3728,6506,8042,2328
2023-03-16,19868,3603,6065,7857,2343
2023-03-17,20762,3886,6494,8010,2372
2023-03-18,23635,4547,7632,8786,2670
2023-03-19,23582,4441,7629,8867,2645
2023-03-20,22893,4319,7455,8631,2488
2023-03-21,22063,3988,7176,8550,2349
2023-03-22,21364,3792,6931,8438,2203
2023-03-23,20412,3655,6558,8197,2002
2023-03-24,21627,4067,7056,8372,2132
2023-03-25,23610,4591,7771,8973,2275
2023-03-26,24582,4751,8157,9345,2329
2023-03-27,23613,4401,7793,9204,2215
2023-03-28,23496,4174,7850,9277,2195
2023-03-29,22934,4099,7527,9152,2156
2023-03-30,22567,3938,7521,8971,2137
2023-03-31,22801,4039,7584,9042,2136
2023-04-01,24132,4305,8138,9399,2290
2023-04-02,24463,4354,8230,9543,2336
2023-04-03,23015,4129,7613,9059,2214
2023-04-04,20766,3597,6755,8546,1868
2023-04-05,19372,3344,6101,8179,1748
2023-04-06,18651,3232,5877,7916,1626
2023-04-07,19701,3537,6233,8224,1707
2023-04-08,20872,3717,6716,8647,1792
2023-04-09,21448,3884,6969,8751,1844
2023-04-10,20328,3548,6653,8424,1703
2023-04-11,18566,3138,5927,7997,1504
2023-04-12,18106,3043,5871,7784,1408
2023-04-13,17954,3056,5632,7828,1438
2023-04-14,18582,3238,5822,7989,1533
2023-04-15,20738,3764,6578,8638,1758
2023-04-16,21156,3850,6793,8691,1822
2023-04-17,19498,3379,6196,8271,1652
2023-04-18,17933,2858,5802,7823,1450
2023-04-19,17443,2908,5482,7618,1435
2023-04-20,18137,3615,5529,7577,1416
2023-04-21,19330,4405,5697,7700,1528
2023-04-22,21683,5294,6429,8316,1644
2023-04-23,22548,5638,6692,8545,1673
2023-04-24,21810,5489,6511,8261,1549
2023-04-25,21100,5242,6314,8085,1459
2023-04-26,20992,5127,6386,8074,1405
2023-04-27,20645,4935,6360,7935,1415
2023-04-28,21596,5206,6828,8095,1467
2023-04-29,23335,5751,7391,8629,1564
2023-04-30,24454,6093,7824,8872,1665
2023-05-01,24309,5956,7777,8923,1653
2023-05-02,23991,5845,7616,8800,1730
2023-05-03,23992,5844,7663,8804,1681
2023-05-04,22076,5075,7077,8321,1603
2023-05-05,21275,4834,6810,8105,1526
2023-05-06,21927,4962,7156,8202,1607
2023-05-07,22289,5090,7223,8331,1645
2023-05-08,22089,5136,7228,8143,1582
2023-05-09,21725,4976,7074,8112,1563
2023-05-10,21452,4876,6925,8120,1531
2023-05-11,21499,4874,6904,8089,1632
2023-05-12,22706,5236,7207,8417,1846
2023-05-13,25498,5957,8217,9262,2062
2023-05-14,26104,6122,8395,9458,2129
2023-05-15,25327,5962,8045,9275,2045
2023-05-16,24796,5866,7836,9148,1946
2023-05-17,24473,5772,7748,8996,1957
2023-05-18,23793,5463,7629,8851,1850
2023-05-19,24946,5610,8054,9275,2007
2023-05-20,27077,6177,8858,9838,2204
2023-05-21,27495,6350,8920,9898,2327
2023-05-22,27054,6155,8716,9964,2219
2023-05-23,27309,6274,8813,10035,2187
2023-05-24,27001,6159,8730,9885,2227
2023-05-25,27551,6235,8945,10076,2295
2023-05-26,28337,6284,9334,10276,2443
2023-05-27,29371,6614,9761,10535,2461
2023-05-28,30559,6914,10149,10901,2595
2023-05-29,29929,6737,9925,10721,2546
2023-05-30,30002,6722,10045,10670,2565
2023-05-31,30444,6752,10141,10928,2623
2023-06-01,30500,6689,10140,11052,2619
2023-06-02,31648,7038,10449,11411,2750
2023-06-03,33211,7357,11114,11793,2947
2023-06-04,34068,7444,11458,12099,3067
2023-06-05,34523,7363,11649,12362,3149
2023-06-06,35742,7747,12102,12585,3308
2023-06-07,34444,7310,11743,12258,3133
2023-06-08,33235,6949,11315,11939,3032
2023-06-09,33275,6894,11308,11971,3102
2023-06-10,34221,7198,11545,12261,3217
2023-06-11,34392,7263,11622,12257,3250
2023-06-12,33314,6985,11131,12051,3147
2023-06-13,33316,6969,11147,12049,3151
2023-06-14,34844,7309,11650,12530,3355
2023-06-15,35056,7262,11886,12603,3305
2023-06-16,35391,7472,11942,12639,3338
2023-06-17,36668,7748,12461,12983,3476
2023-06-18,37264,7999,12664,13077,3524
2023-06-19,36282,7742,12286,12791,3463
2023-06-20,34249,7122,11631,12256,3240
2023-06-21,33804,6821,11657,12140,3186
2023-06-22,32750,6502,11217,11894,3137
2023-06-23,32865,6554,11274,11887,3150
2023-06-24,34696,6985,11961,12396,3354
2023-06-25,36026,7347,12401,12728,3550
2023-06-26,34699,6930,12018,12347,3404
2023-06-27,34287,6808,11857,12269,3353
2023-06-28,34221,6713,11771,12340,3397
2023-06-29,31706,6225,10819,11602,3060
2023-06-30,32499,6449,10850,12049,3151
2023-07-01,34329,7104,11432,12499,3294
2023-07-02,35240,7458,11669,12695,3418
2023-07-03,34693,7235,11363,12647,3448
2023-07-04,33214,6814,10841,12253,3306
2023-07-05,33508,6993,10852,12305,3358
2023-07-06,33600,6917,10973,12343,3367
2023-07-07,33718,6943,10982,12467,3326
2023-07-08,35185,7466,11404,12839,3476
2023-07-09,35885,7760,11564,13003,3558
2023-07-10,35366,7615,11329,12967,3455
2023-07-11,33702,7141,10675,12631,3255
2023-07-12,33932,7094,10725,12824,3289
2023-07-13,33904,6913,10894,12860,3237
2023-07-14,33936,6887,10940,12844,3265
2023-07-15,35186,7232,11420,13132,3402
2023-07-16,35691,7321,11660,13294,3416
2023-07-17,35859,7385,11709,13359,3406
2023-07-18,35088,7092,11423,13246,3327
2023-07-19,34765,7044,11152,13196,3373
2023-07-20,34673,7072,10958,13227,3416
2023-07-21,36243,7429,11368,13768,3678
2023-07-22,39536,8355,12494,14625,4062
2023-07-23,40426,8657,12848,14748,4173
2023-07-24,40540,8661,12883,14901,4095
2023-07-25,40598,8632,12848,15047,4071
2023-07-26,40811,8762,12915,15050,4084
2023-07-27,40851,8633,12921,15146,4151
2023-07-28,41502,8807,13070,15356,4269
2023-07-29,43532,9415,13720,15911,4486
2023-07-30,44023,9528,13824,16102,4569
2023-07-31,43798,9278,13749,16016,4755
2023-08-01,43213,9179,13566,15840,4628
2023-08-02,42617,8989,13491,15571,4566
2023-08-03,42013,8789,13147,15584,4493
2023-08-04,41554,8399,13067,15651,4437
2023-08-05,42914,8836,13444,16078,4556
2023-08-06,43241,8882,13579,16177,4603
2023-08-07,41449,8176,13100,15727,4446
2023-08-08,40184,7816,12678,15436,4254
2023-08-09,38196,7160,12017,14991,4028
2023-08-10,35961,6402,11291,14455,3813
2023-08-11,36333,6430,11291,14701,3911
2023-08-12,39132,7295,12219,15443,4175
2023-08-13,40015,7596,12474,15747,4198
2023-08-14,40043,7671,12435,15755,4182
2023-08-15,40784,7966,12605,15959,4254
2023-08-16,40169,7731,12462,15883,4093
2023-08-17,40125,7722,12221,16045,4137
2023-08-18,40920,8012,12398,16335,4175
2023-08-19,42660,8470,12956,16757,4477
2023-08-20,43969,8878,13406,17078,4607
2023-08-21,42795,8510,12930,16877,4478
2023-08-22,41850,8268,12690,16551,4341
2023-08-23,41099,8084,12360,16382,4273
2023-08-24,40759,7816,12368,16389,4186
2023-08-25,40706,7791,12528,16245,4142
2023-08-26,43614,8684,13504,16967,4459
2023-08-27,44994,8970,14077,17390,4557
2023-08-28,44082,8704,13797,17183,4398
2023-08-29,43120,8212,13516,17057,4335
2023-08-30,43698,8412,13752,17214,4320
2023-08-31,44355,8600,13819,17465,4471
2023-09-01,45312,8835,14194,17618,4665
2023-09-02,47755,9556,15035,18271,4893
2023-09-03,48225,9719,15271,18384,4851
2023-09-04,46578,9267,14556,18120,4635
2023-09-05,45207,8798,14178,17786,4445
2023-09-06,44402,8546,13826,17648,4382
2023-09-07,43172,8354,13230,17414,4174
2023-09-08,43132,8336,13209,17422,4165
2023-09-09,44568,8825,13714,17702,4327
2023-09-10,45178,9066,13969,17770,4373
2023-09-11,43461,8435,13292,17519,4215
2023-09-12,42078,7945,12868,17202,4063
2023-09-13,41004,7449,12572,16972,4011
2023-09-14,39930,7113,12229,16650,3938
2023-09-15,40045,7080,12227,16784,3954
2023-09-16,42389,7770,13057,17381,4181
2023-09-17,43241,8079,13451,17467,4244
2023-09-18,41792,7603,12862,17232,4095
2023-09-19,40907,7232,12531,17085,4059
2023-09-20,39128,6672,12023,16632,3801
2023-09-21,37912,6395,11466,16347,3704
2023-09-22,38817,6558,11700,16778,3781
2023-09-23,40704,7180,12331,17153,4040
2023-09-24,41569,7328,12679,17384,4178
2023-09-25,41075,7019,12483,17400,4173
2023-09-26,41217,6922,12494,17581,4220
2023-09-27,42545,7322,12893,17949,4381
2023-09-28,40957,6761,12336,17592,4268
2023-09-29,38726,6081,11656,16929,4060
2023-09-30,38418,6056,11504,16812,4046
2023-10-01,38999,6191,11765,16956,4087
2023-10-02,36791,5450,11135,16350,3856
2023-10-03,36799,5431,11227,16334,3807
2023-10-04,35061,4846,10726,15805,3684
2023-10-05,33963,4594,10346,15356,3667
2023-10-06,33169,4379,10086,15059,3645
2023-10-07,33937,4767,10403,15160,3607
2023-10-08,33907,4946,10315,15083,3563
2023-10-09,32502,4499,9878,14702,3423
2023-10-10,30242,3987,8906,14129,3220
2023-10-11,27954,3542,8045,13427,2940
2023-10-12,25573,2941,7099,12894,2639
2023-10-13,26044,3411,7136,12801,2696
2023-10-14,27456,4031,7433,13173,2819
2023-10-15,27706,4200,7558,13135,2813
2023-10-16,26183,3838,7048,12601,2696
2023-10-17,26138,4017,7151,12265,2705
2023-10-18,26618,4323,7429,12115,2751
2023-10-19,26818,4338,7663,12010,2807
2023-10-20,28203,5142,7933,12225,2903
2023-10-21,29184,5470,8214,12590,2910
2023-10-22,29615,5657,8182,12823,2953
2023-10-23,28975,5491,7962,12662,2860
2023-10-24,28773,5442,7895,12599,2837
2023-10-25,28865,5454,7970,12540,2901
2023-10-26,28916,5634,8042,12341,2899
2023-10-27,25787,4776,6844,11572,2595
2023-10-28,27412,5270,7500,11883,2759
2023-10-29,28761,5677,7978,12181,2925
2023-10-30,28872,5807,8109,12023,2933
2023-10-31,29189,5815,8257,12190,2927
2023-11-01,28103,5554,7842,11998,2709
2023-11-02,27193,5278,7459,11832,2624
2023-11-03,27282,5354,7450,11742,2736
2023-11-04,28890,5842,7957,12155,2936
2023-11-05,29783,6143,8197,12423,3020
2023-11-06,28573,5800,7648,12117,3008
2023-11-07,27716,5548,7330,11831,3007
2023-11-08,26513,5130,6921,11514,2948
2023-11-09,25723,4931,6617,11342,2833
2023-11-10,26555,5190,6907,11454,3004
2023-11-11,28960,5859,7712,12053,3336
2023-11-12,29369,6011,7869,12096,3393
2023-11-13,28687,5760,7573,12042,3312
2023-11-14,27512,5431,7113,11753,3215
2023-11-15,26343,5258,6638,11443,3004
2023-11-16,25250,4970,6211,11114,2955
2023-11-17,26063,5267,6462,11279,3055
2023-11-18,27721,5647,7059,11721,3294
2023-11-19,28273,5793,7240,11915,3325
2023-11-20,27286,5440,6917,11693,3236
2023-11-21,26716,5254,6804,11508,3150
2023-11-22,26752,5376,6849,11420,3107
2023-11-23,26527,5374,6804,11283,3066
2023-11-24,27340,5682,7005,11453,3200
2023-11-25,29275,6242,7588,12019,3426
2023-11-26,30128,6444,7989,12141,3554
2023-11-27,29952,6266,8000,12131,3555
2023-11-28,29316,6144,7711,11971,3490
2023-11-29,29439,6191,7746,12041,3461
2023-11-30,29360,6214,7654,11969,3523
2023-12-01,29938,6285,7877,12122,3654
2023-12-02,31756,6865,8498,12559,3834
2023-12-03,32417,7078,8691,12687,3961
2023-12-04,31555,6783,8468,12473,3831
2023-12-05,30779,6501,8189,12285,3804
2023-12-06,28939,6114,7576,11679,3570
2023-12-07,28089,5762,7223,11579,3525
2023-12-08,28777,5974,7542,11660,3601
2023-12-09,30146,6371,7942,12056,3777
2023-12-10,30845,6576,8222,12164,3883
2023-12-11,29334,6097,7682,11835,3720
2023-12-12,27850,5625,7203,11461,3561
2023-12-13,27457,5416,7098,11378,3565
2023-12-14,27628,5370,7264,11480,3514
2023-12-15,28730,5733,7714,11786,3497
2023-12-16,30897,6446,8582,12188,3681
2023-12-17,31566,6590,8764,12439,3773
2023-12-18,31252,6521,8529,12513,3689
2023-12-19,29253,6082,7858,11789,3524
2023-12-20,29339,5951,7899,11966,3523
2023-12-21,29323,5801,7876,12017,3629
2023-12-22,31141,6172,8476,12650,3843
2023-12-23,33168,6823,9216,13106,4023
2023-12-24,34643,7236,9682,13557,4168
2023-12-25,33036,6861,9079,13175,3921
2023-12-26,33157,6781,9096,13191,4089
2023-12-27,32309,6515,8870,12884,4040
2023-12-28,32398,6426,8959,12957,4056
2023-12-29,31997,6227,8903,12885,3982
2023-12-30,33930,6877,9535,13327,4191
2023-12-31,35526,7331,10149,13737,4309
2024-01-01,32746,6506,9182,13023,4035
2024-01-02,31875,6267,8882,12765,3961
2024-01-03,29839,5867,8180,12104,3688
2024-01-04,28129,5391,7584,11672,3482
2024-01-05,26838,5040,7292,11190,3316
2024-01-06,28193,5407,7909,11509,3368
2024-01-07,28294,5449,7966,11535,3344
2024-01-08,26559,4970,7323,11116,3150
2024-01-09,25190,4631,6865,10637,3057
2024-01-10,23935,4311,6472,10199,2953
2024-01-11,22905,4212,6097,9730,2866
2024-01-12,22747,4363,6079,9634,2671
2024-01-13,24452,4945,6623,9979,2905
2024-01-14,24650,4937,6687,10088,2938
2024-01-15,23623,4772,6299,9732,2820
2024-01-16,23227,4696,6150,9591,2790
2024-01-17,22415,4662,5771,9346,2636
2024-01-18,21712,4490,5623,9127,2472
2024-01-19,22360,4653,5823,9360,2524
2024-01-20,25414,5466,6811,10283,2854
2024-01-21,26193,5740,7036,10455,2962
2024-01-22,24929,5364,6600,10174,2791
2024-01-23,23911,5195,6223,9877,2616
2024-01-24,23471,5036,6150,9772,2513
2024-01-25,23124,4921,6033,9738,2432
2024-01-26,23531,4915,6180,9975,2461
2024-01-27,26510,5665,7228,10796,2821
2024-01-28,27629,5906,7575,11200,2948
2024-01-29,26993,5577,7451,11090,2875
2024-01-30,26294,5489,7151,10880,2774
2024-01-31,25870,5368,7009,10698,2795
2024-02-01,25358,5343,6762,10522,2731
2024-02-02,25162,5397,6737,10453,2575
2024-02-03,28214,6226,7813,11271,2904
2024-02-04,29024,6515,8066,11426,3017
2024-02-05,27909,6104,7610,11251,2944
2024-02-06,27086,5895,7502,10930,2759
2024-02-07,26879,5875,7379,10925,2700
2024-02-08,26977,5881,7427,10900,2769
2024-02-09,25506,5342,6975,10519,2670
2024-02-10,23550,4688,6342,10036,2484
2024-02-11,22745,4495,6001,9815,2434
2024-02-12,22776,4620,6019,9736,2401
2024-02-13,22222,4500,5898,9436,2388
2024-02-14,21414,4263,5648,9275,2228
2024-02-15,20414,4078,5232,8966,2138
2024-02-16,20333,4075,5170,8981,2107
2024-02-17,22925,4838,5981,9680,2426
2024-02-18,24083,5078,6431,9996,2578
2024-02-19,22541,4701,5946,9560,2334
2024-02-20,21612,4421,5575,9377,2239
2024-02-21,21135,4261,5375,9235,2264
2024-02-22,21163,4258,5485,9214,2206
2024-02-23,22227,4512,5904,9432,2379
2024-02-24,25543,5409,7041,10356,2737
2024-02-25,26980,5784,7546,10759,2891
2024-02-26,27889,6145,7885,10943,2916
2024-02-27,27639,6074,7884,10877,2804
2024-02-28,28664,6334,8239,11136,2955
2024-02-29,29567,6605,8499,11362,3101
2024-03-01,30458,6870,8772,11614,3202
2024-03-02,33551,7623,9879,12557,3492
2024-03-03,34183,7823,10099,12694,3567
2024-03-04,33066,7463,9677,12440,3486
2024-03-05,31366,7010,9086,12054,3216
2024-03-06,30589,6759,8676,11924,3230
2024-03-07,29351,6314,8195,11688,3154
2024-03-08,29018,6156,8116,11598,3148
2024-03-09,31011,6672,8813,12222,3304
2024-03-10,31774,6875,9022,12485,3392
2024-03-11,31099,6689,8693,12313,3404
2024-03-12,30134,6455,8297,12130,3252
2024-03-13,30278,6572,8351,12188,3167
2024-03-14,30257,6375,8385,12242,3255
2024-03-15,29829,6181,8337,12057,3254
2024-03-16,31536,6711,8904,12511,3410
2024-03-17,32477,6971,9240,12768,3498
2024-03-18,31220,6527,8779,12487,3427
2024-03-19,30106,6178,8446,12197,3285
2024-03-20,29725,6142,8274,12021,3288
2024-03-21,28725,5761,7956,11752,3256
2024-03-22,29533,5993,8205,11919,3416
2024-03-23,31391,6478,8842,12520,3551
2024-03-24,32372,6721,9137,12858,3656
2024-03-25,30790,6247,8493,12553,3497
2024-03-26,29653,5963,8142,12197,3351
2024-03-27,29146,5772,8009,12067,3298
2024-03-28,28173,5479,7693,11685,3316
2024-03-29,29642,5886,8232,12038,3486
2024-03-30,31785,6493,8960,12644,3688
2024-03-31,32757,6741,9333,12868,3815
2024-04-01,31225,6199,8821,12533,3672
2024-04-02,30313,5921,8496,12371,3525
2024-04-03,29747,5683,8380,12177,3507
2024-04-04,28813,5439,7946,11971,3457
2024-04-05,29193,5591,8019,12101,3482
2024-04-06,30809,6141,8536,12423,3709
2024-04-07,31152,6152,8718,12538,3744
2024-04-08,30228,5891,8382,12258,3697
2024-04-09,29787,5779,8247,12149,3612
2024-04-10,29425,5643,8255,11999,3528
2024-04-11,28602,5387,8082,11679,3454
2024-04-12,28574,5337,8068,11733,3436
2024-04-13,31273,6187,8961,12424,3701
2024-04-14,31598,6230,9151,12473,3744
2024-04-15,30085,5805,8500,12112,3668
2024-04-16,28355,5185,7868,11731,3571
2024-04-17,27923,4903,7753,11751,3516
2024-04-18,27469,4832,7530,11702,3405
2024-04-19,28307,5224,7788,11765,3530
2024-04-20,30125,5764,8538,12071,3752
2024-04-21,31185,6133,8937,12280,3835
2024-04-22,29484,5659,8373,11768,3684
2024-04-23,27866,5266,7666,11456,3478
2024-04-24,28153,5277,7856,11548,3472
2024-04-25,28707,5479,8137,11657,3434
2024-04-26,29737,5762,8660,11755,3560
2024-04-27,32900,6663,9853,12539,3845
2024-04-28,34618,7096,10545,12920,4057
2024-04-29,34330,7068,10430,12854,3978
2024-04-30,33962,6955,10333,12720,3954
2024-05-01,33019,6774,10005,12383,3857
2024-05-02,32821,6773,9902,12347,3799
2024-05-03,33318,6867,10113,12567,3771
2024-05-04,35926,7606,11065,13193,4062
2024-05-05,35569,7490,11016,13054,4009
2024-05-06,35480,7446,10975,13035,4024
2024-05-07,34768,7140,10702,12940,3986
2024-05-08,34275,6817,10639,12819,4000
2024-05-09,34632,7013,10707,12846,4066
2024-05-10,36126,7530,11213,13102,4281
2024-05-11,38250,8129,11876,13696,4549
2024-05-12,39249,8532,12137,13984,4596
2024-05-13,39455,8611,12190,14065,4589
2024-05-14,39762,8711,12240,14184,4627
2024-05-15,39328,8592,12190,14004,4542
2024-05-16,38312,8362,11884,13736,4330
2024-05-17,39308,8715,12324,13877,4392
2024-05-18,41204,9316,13012,14297,4579
2024-05-19,42501,9697,13456,14622,4726
2024-05-20,41018,9277,13002,14186,4553
2024-05-21,40104,9035,12796,13795,4478
2024-05-22,39970,9022,12679,13807,4462
2024-05-23,39844,8905,12650,13852,4437
2024-05-24,40638,9224,12958,13973,4483
2024-05-25,42616,9743,13619,14521,4733
2024-05-26,43907,10080,14125,14876,4826
2024-05-27,43924,10042,14245,14891,4746
2024-05-28,44472,10236,14291,15107,4838
2024-05-29,44394,10176,14271,15066,4881
2024-05-30,45174,10387,14564,15357,4866
2024-05-31,47134,10884,15200,15968,5082
2024-06-01,48649,11404,15741,16292,5212
2024-06-02,49271,11562,16076,16382,5251
2024-06-03,48289,11200,15872,16079,5138
2024-06-04,47613,10982,15657,15897,5077
2024-06-05,47362,11057,15547,15788,4970
2024-06-06,47246,11009,15556,15688,4993
2024-06-07,48395,11357,16114,15796,5128
2024-06-08,50399,11950,16822,16278,5349
2024-06-09,50948,12052,17025,16481,5390
2024-06-10,50234,11859,16715,16455,5205
2024-06-11,49316,11693,16463,16004,5156
2024-06-12,48458,11564,16139,15747,5008
2024-06-13,48410,11640,15927,15857,4986
2024-06-14,50279,12115,16580,16261,5323
2024-06-15,52385,12761,17334,16759,5531
2024-06-16,53408,13084,17657,17034,5633
2024-06-17,52562,12938,17378,16768,5478
2024-06-18,50776,12551,16690,16264,5271
2024-06-19,49336,12100,16159,15920,5157
2024-06-20,48550,11742,15977,15788,5043
2024-06-21,47811,11422,15833,15603,4953
2024-06-22,48832,11764,16231,15827,5010
2024-06-23,49954,12095,16570,16119,5170
2024-06-24,47916,11635,15901,15507,4873
2024-06-25,46033,11144,15261,15018,4610
2024-06-26,45199,10913,15123,14639,4524
2024-06-27,44436,10689,14790,14488,4469
2024-06-28,44410,10681,14870,14415,4444
2024-06-29,45457,11051,15243,14565,4598
2024-06-30,46227,11254,15514,14800,4659
2024-07-01,44407,10711,14943,14306,4447
2024-07-02,42472,10263,14211,13745,4253
2024-07-03,41290,9873,13975,13313,4129
2024-07-04,40173,9457,13708,13020,3988
2024-07-05,39979,9397,13741,12917,3924
2024-07-06,42356,10159,14524,13572,4101
2024-07-07,42696,10259,14673,13619,4145
2024-07-08,41768,10041,14323,13304,4100
2024-07-09,41265,9989,14123,13077,4076
2024-07-10,40300,9711,13807,12782,4000
2024-07-11,38785,9189,13362,12373,3861
2024-07-12,39213,9233,13595,12447,3938
2024-07-13,41389,9850,14341,12990,4208
2024-07-14,41877,9985,14497,13149,4246
2024-07-15,40529,9467,14104,12755,4203
2024-07-16,39785,9182,13861,12626,4116
2024-07-17,39002,8929,13472,12552,4049
2024-07-18,38129,8703,13067,12416,3943
2024-07-19,38432,8760,13051,12555,4066
2024-07-20,39627,9187,13487,12779,4174
2024-07-21,40469,9301,13869,13019,4280
2024-07-22,38806,8736,13400,12535,4135
2024-07-23,37493,8253,13067,12250,3923
2024-07-24,37048,8155,13008,12057,3828
2024-07-25,36521,8086,12741,11885,3809
2024-07-26,35843,7934,12587,11684,3638
2024-07-27,37050,8261,13025,11982,3782
2024-07-28,37989,8461,13392,12241,3895
2024-07-29,36490,8095,12979,11753,3663
2024-07-30,35140,7664,12566,11375,3535
2024-07-31,34389,7463,12260,11244,3422
2024-08-01,34066,7394,12161,11144,3367
2024-08-02,33668,7355,11913,11092,3308
2024-08-03,35101,7847,12439,11430,3385
2024-08-04,35681,8028,12669,11572,3412
2024-08-05,34002,7545,12100,11143,3214
2024-08-06,32529,7140,11511,10822,3056
2024-08-07,30772,6682,11007,10298,2785
2024-08-08,29483,6257,10572,9960,2694
2024-08-09,28657,6053,10378,9735,2491
2024-08-10,30710,6778,11040,10208,2684
2024-08-11,31145,7040,11167,10269,2669
2024-08-12,29270,6358,10642,9831,2439
2024-08-13,28977,6379,10508,9754,2336
2024-08-14,27915,6050,10066,9575,2224
2024-08-15,28969,6320,10370,9934,2345
2024-08-16,29159,6423,10386,9842,2508
2024-08-17,32130,7352,11324,10616,2838
2024-08-18,33161,7652,11638,10902,2969
2024-08-19,31138,7018,10901,10462,2757
2024-08-20,29349,6547,10263,9927,2612
2024-08-21,27810,6172,9775,9519,2344
2024-08-22,27052,6044,9441,9244,2323
2024-08-23,26637,6014,9172,9079,2372
2024-08-24,28856,6699,9979,9521,2657
2024-08-25,30136,7133,10420,9762,2821
2024-08-26,29443,6841,10102,9648,2852
2024-08-27,28835,6763,9748,9588,2736
2024-08-28,28377,6470,9670,9393,2844
2024-08-29,28192,6414,9493,9351,2934
2024-08-30,29028,6616,9757,9608,3047
2024-08-31,31701,7473,10690,10227,3311
2024-09-01,32588,7706,10979,10484,3419
2024-09-02,31510,7401,10669,10144,3296
2024-09-03,30911,7144,10424,10034,3309
2024-09-04,30571,7052,10234,9976,3309
2024-09-05,30192,6955,10020,9956,3261
2024-09-06,31332,7299,10403,10211,3419
2024-09-07,33891,8128,11244,10823,3696
2024-09-08,34515,8330,11432,11002,3751
2024-09-09,33150,7910,10867,10759,3614
2024-09-10,32164,7438,10599,10635,3492
2024-09-11,30687,7101,9993,10318,3275
2024-09-12,30492,7036,9836,10430,3190
2024-09-13,30863,7009,10147,10497,3210
2024-09-14,32606,7570,10660,10977,3399
2024-09-15,33353,7849,10963,11154,3387
2024-09-16,31502,7353,10315,10623,3211
2024-09-17,29729,6836,9696,10167,3030
2024-09-18,29157,6728,9496,9966,2967
2024-09-19,28372,6507,9267,9677,2921
2024-09-20,28112,6446,9094,9725,2847
2024-09-21,29508,6954,9577,9996,2981
2024-09-22,30321,7183,9916,10165,3057
2024-09-23,28368,6562,9218,9717,2871
2024-09-24,27200,6325,8821,9349,2705
2024-09-25,25469,5911,8187,8830,2541
2024-09-26,24567,5668,7824,8636,2439
2024-09-27,24808,5803,7807,8677,2521
2024-09-28,27787,6626,8860,9498,2803
2024-09-29,29488,7106,9539,9863,2980
2024-09-30,28165,6660,9043,9529,2933
2024-10-01,25764,5976,8256,8934,2598
2024-10-02,25633,5969,8238,8813,2613
2024-10-03,25647,5982,8300,8791,2574
2024-10-04,26024,6154,8393,8857,2620
2024-10-05,27577,6506,9034,9287,2750
2024-10-06,27799,6593,9143,9276,2787
2024-10-07,26571,6191,8790,9047,2543
2024-10-08,25165,5864,8337,8768,2196
2024-10-09,25034,5827,8338,8688,2181
2024-10-10,23890,5716,7830,8257,2087
2024-10-11,25187,6062,8284,8593,2248
2024-10-12,27817,6860,9145,9285,2527
2024-10-13,28463,7122,9352,9398,2591
2024-10-14,26528,6637,8716,8828,2347
2024-10-15,24708,6112,8097,8373,2126
2024-10-16,24172,6052,7829,8254,2037
2024-10-17,23806,5909,7811,8126,1960
2024-10-18,23012,5670,7511,7882,1949
2024-10-19,24634,6146,8125,8315,2048
2024-10-20,25218,6346,8391,8426,2055
2024-10-21,23363,5863,7774,7894,1832
2024-10-22,22036,5577,7155,7611,1693
2024-10-23,21265,5341,6968,7344,1612
2024-10-24,21330,5358,7008,7265,1699
2024-10-25,22215,5693,7331,7320,1871
2024-10-26,24583,6427,8185,7873,2098
2024-10-27,24810,6551,8303,7908,2048
2024-10-28,23714,6240,8006,7561,1907
2024-10-29,23695,6231,8005,7588,1871
2024-10-30,23471,6194,7869,7561,1847
2024-10-31,24121,6350,8038,7791,1942
2024-11-01,24370,6390,8092,7749,2139
2024-11-02,26644,7054,8913,8317,2360
2024-11-03,27566,7368,9216,8522,2460
2024-11-04,26594,7095,8969,8303,2227
2024-11-05,26101,7024,8820,8049,2208
2024-11-06,26259,7149,8846,8059,2205
2024-11-07,25675,6959,8693,7886,2137
2024-11-08,26193,7086,8965,7906,2236
2024-11-09,28275,7644,9716,8481,2434
2024-11-10,29308,7962,10074,8729,2543
2024-11-11,27540,7414,9428,8323,2375
2024-11-12,26424,7042,9113,7983,2286
2024-11-13,26329,6951,9077,8052,2249
2024-11-14,25938,6811,8821,8032,2274
2024-11-15,26631,6972,9038,8203,2418
2024-11-16,29433,7766,9982,8951,2734
2024-11-17,30344,7967,10331,9254,2792
2024-11-18,29146,7477,10016,9030,2623
2024-11-19,29297,7424,9992,9349,2532
2024-11-20,29204,7505,9881,9335,2483
2024-11-21,29860,7651,10038,9598,2573
2024-11-22,31879,8108,10803,10085,2883
2024-11-23,33980,8735,11605,10612,3028
2024-11-24,35262,9138,12025,10930,3169
2024-11-25,34747,8958,11714,10959,3116
2024-11-26,34458,8846,11537,10956,3119
2024-11-27,33722,8658,11195,10747,3122
2024-11-28,33870,8803,11250,10723,3094
2024-11-29,35168,9171,11639,11149,3209
2024-11-30,38191,10055,12609,12012,3515
2024-12-01,38805,10197,12885,12156,3567
2024-12-02,37902,9955,12600,11926,3421
2024-12-03,36874,9555,12306,11798,3215
2024-12-04,35209,9076,11575,11544,3014
2024-12-05,34171,8818,11223,11268,2862
2024-12-06,35005,9135,11405,11519,2946
2024-12-07,36749,9651,12037,11943,3118
2024-12-08,38030,10059,12493,12241,3237
2024-12-09,36572,9707,11929,11822,3114
2024-12-10,35586,9344,11643,11648,2951
2024-12-11,34916,9207,11384,11474,2851
2024-12-12,34291,9130,11087,11387,2687
2024-12-13,36443,9799,11736,11919,2989
2024-12-14,38714,10524,12576,12371,3243
2024-12-15,39774,10805,13005,12579,3385
2024-12-16,39086,10515,12650,12631,3290
2024-12-17,39238,10463,12658,12770,3347
2024-12-18,38628,10244,12450,12680,3254
2024-12-19,37929,10062,12236,12502,3129
2024-12-20,39726,10583,12740,12986,3417
2024-12-21,41755,11145,13477,13520,3613
2024-12-22,43375,11706,14002,13910,3757
2024-12-23,43656,11626,14042,14232,3756
2024-12-24,44987,12083,14352,14728,3824
2024-12-25,44715,12016,14260,14651,3788
2024-12-26,44775,11960,14212,14699,3904
2024-12-27,45485,12199,14340,14924,4022
2024-12-28,47874,12915,15035,15587,4337
2024-12-29,49104,13267,15545,15846,4446
2024-12-30,48579,12964,15332,15959,4324
2024-12-31,47799,12728,14948,15911,4212
2025-01-01,45999,12249,14344,15432,3974
2025-01-02,44498,11836,13752,15164,3746
2025-01-03,43758,11706,13455,14939,3658
2025-01-04,44582,11971,13739,15127,3745
2025-01-05,44929,12119,13861,15182,3767
2025-01-06,42174,11359,12879,14562,3374
2025-01-07,39962,10759,12196,13894,3113
2025-01-08,37978,10191,11334,13461,2992
2025-01-09,34934,9520,10097,12661,2656
2025-01-10,34125,9407,9766,12381,2571
2025-01-11,36050,9906,10374,12972,2798
2025-01-12,36824,10040,10665,13198,2921
2025-01-13,34897,9431,10099,12725,2642
2025-01-14,32796,8722,9501,12150,2423
2025-01-15,30613,8058,8825,11581,2149
2025-01-16,28747,7517,8026,11052,2152
2025-01-17,27634,7200,7489,10878,2067
2025-01-18,29241,7754,7960,11298,2229
2025-01-19,29868,7948,8138,11517,2265
2025-01-20,27173,7119,7177,10841,2036
2025-01-21,25814,6709,6764,10403,1938
2025-01-22,24427,6284,6404,9884,1855
2025-01-23,24708,6273,6507,9957,1971
2025-01-24,25762,6460,6923,10243,2136
2025-01-25,28139,7138,7746,10887,2368
2025-01-26,29231,7486,8195,11121,2429
2025-01-27,28065,7200,7779,10876,2210
2025-01-28,26251,6661,7138,10426,2026
2025-01-29,24300,6178,6456,9912,1754
2025-01-30,24110,6095,6357,9905,1753
2025-01-31,26283,6724,7172,10337,2050
2025-02-01,28350,7396,7882,10833,2239
2025-02-02,29281,7635,8187,11058,2401
2025-02-03,28225,7354,7747,10759,2365
2025-02-04,26092,6741,6935,10199,2217
2025-02-05,23683,6041,6076,9533,2033
2025-02-06,21782,5509,5320,9028,1925
2025-02-07,20581,5133,4973,8605,1870
2025-02-08,22757,5724,5801,9147,2085
2025-02-09,24177,6209,6247,9481,2240
2025-02-10,23156,6054,5835,9152,2115
2025-02-11,22174,5792,5521,8848,2013
2025-02-12,20870,5325,5095,8550,1900
2025-02-13,21368,5470,5356,8515,2027
2025-02-14,21429,5458,5358,8570,2043
2025-02-15,24697,6331,6441,9518,2407
2025-02-16,25573,6574,6735,9755,2509
2025-02-17,24098,6186,6297,9272,2343
2025-02-18,23281,5894,5980,9185,2222
2025-02-19,22171,5524,5702,8845,2100
2025-02-20,22075,5583,5547,8884,2061
2025-02-21,22985,5828,5903,9057,2197
2025-02-22,26278,6757,7018,9907,2596
2025-02-23,27822,7202,7530,10343,2747
2025-02-24,26904,6925,7145,10210,2624
2025-02-25,25828,6625,6778,9893,2532
2025-02-26,24995,6383,6503,9650,2459
2025-02-27,24774,6178,6515,9663,2418
2025-02-28,25352,6304,6696,9804,2548
2025-03-01,26857,6709,7229,10170,2749
2025-03-02,28084,7062,7679,10472,2871
2025-03-03,28666,7367,7833,10611,2855
2025-03-04,27839,7233,7474,10394,2738
2025-03-05,27575,7169,7340,10353,2713
2025-03-06,25541,6574,6542,9910,2515
2025-03-07,24046,6013,6033,9625,2375
2025-03-08,26781,6785,6969,10399,2628
2025-03-09,28557,7350,7521,10827,2859
2025-03-10,26721,6843,6780,10423,2675
2025-03-11,26287,6622,6605,10430,2630
2025-03-12,25516,6380,6362,10223,2551
2025-03-13,25249,6198,6344,10155,2552
2025-03-14,25891,6235,6541,10462,2653
2025-03-15,28934,7119,7588,11216,3011
2025-03-16,30144,7468,7961,11568,3147
2025-03-17,28722,7106,7415,11156,3045
2025-03-18,27533,6724,7109,10721,2979
2025-03-19,27176,6571,6989,10623,2993
2025-03-20,26578,6453,6730,10406,2989
2025-03-21,27180,6557,7119,10563,2941
2025-03-22,29890,7386,8019,11277,3208
2025-03-23,31056,7674,8428,11616,3338
2025-03-24,29408,7181,7941,11145,3141
2025-03-25,27786,6700,7450,10714,2922
2025-03-26,25954,6239,6828,10155,2732
2025-03-27,25740,6277,6664,10089,2710
2025-03-28,26854,6536,6989,10463,2866
2025-03-29,29398,7309,7789,11201,3099
2025-03-30,30710,7635,8314,11544,3217
2025-03-31,29235,7329,7702,11184,3020
2025-04-01,28075,6991,7246,11004,2834
2025-04-02,26449,6620,6708,10420,2701
2025-04-03,25861,6550,6541,10141,2629
2025-04-04,25136,6371,6304,9965,2496
2025-04-05,26410,6744,6751,10334,2581
2025-04-06,27393,7005,7067,10596,2725
2025-04-07,25371,6444,6458,10090,2379
2025-04-08,23795,6007,5859,9749,2180
2025-04-09,22139,5573,5321,9231,2014
2025-04-10,21417,5402,5112,9052,1851
2025-04-11,21663,5529,5097,9149,1888
2025-04-12,24006,6160,5998,9754,2094
2025-04-13,25145,6516,6340,10039,2250
2025-04-14,23345,5933,5807,9499,2106
2025-04-15,21576,5346,5349,9055,1826
2025-04-16,20179,4914,4737,8826,1702
2025-04-17,19207,4560,4429,8577,1641
2025-04-18,19073,4537,4407,8439,1690
2025-04-19,20819,5036,5123,8846,1814
2025-04-20,22358,5466,5631,9278,1983
2025-04-21,22395,5471,5650,9252,2022
2025-04-22,20863,4933,5140,8953,1837
2025-04-23,20860,4916,5130,8898,1916
2025-04-24,21338,5133,5278,8970,1957
2025-04-25,22689,5410,5899,9310,2070
2025-04-26,25435,6203,6835,10063,2334
2025-04-27,26939,6615,7442,10361,2521
2025-04-28,25944,6352,7083,10141,2368
2025-04-29,25072,6099,6743,9945,2285
2025-04-30,25110,5995,6796,9978,2341
2025-05-01,23947,5658,6412,9635,2242
2025-05-02,25418,6074,6977,9978,2389
2025-05-03,27061,6551,7507,10433,2570
2025-05-04,28353,6792,7966,10830,2765
2025-05-05,27191,6466,7504,10555,2666
2025-05-06,26913,6415,7441,10423,2634
2025-05-07,26567,6178,7292,10504,2593
2025-05-08,26056,6132,7046,10382,2496
2025-05-09,26289,6158,7207,10315,2609
2025-05-10,28194,6592,7875,10833,2894
2025-05-11,29631,6926,8392,11243,3070
2025-05-12,28337,6613,7960,10859,2905
2025-05-13,27880,6449,7699,10896,2836
2025-05-14,27934,6612,7566,10892,2864
2025-05-15,27476,6492,7486,10731,2767
2025-05-16,27502,6501,7448,10782,2771
2025-05-17,30664,7346,8610,11547,3161
2025-05-18,31719,7685,8908,11808,3318
2025-05-19,31576,7614,8790,11853,3319
2025-05-20,30960,7501,8660,11598,3201
2025-05-21,30177,7387,8348,11323,3119
2025-05-22,30316,7418,8251,11455,3192
2025-05-23,31623,7730,8655,11876,3362
2025-05-24,34423,8645,9479,12579,3720
2025-05-25,36203,9293,9968,12993,3949
2025-05-26,35985,9119,9948,12960,3958
2025-05-27,35771,9051,9934,12878,3908
2025-05-28,34891,8758,9634,12654,3845
2025-05-29,35974,9078,9980,12895,4021
2025-05-30,38477,9838,10859,13501,4279
2025-05-31,41579,10615,11944,14334,4686
2025-06-01,42618,10830,12346,14619,4823
2025-06-02,42528,10861,12318,14553,4796
2025-06-03,42329,10722,12298,14489,4820
2025-06-04,41266,10430,11954,14196,4686
2025-06-05,41733,10465,12111,14343,4814
2025-06-06,42939,10836,12534,14607,4962
2025-06-07,44946,11495,13065,15171,5215
2025-06-08,45430,11600,13251,15294,5285
2025-06-09,44384,11225,12932,14920,5307
2025-06-10,43744,11016,12623,14773,5332
2025-06-11,43214,10921,12407,14741,5145
2025-06-12,43104,10880,12361,14742,5121
2025-06-13,45066,11433,13073,15313,5247
2025-06-14,49058,12644,14390,16404,5620
2025-06-15,50610,13112,15000,16708,5790
2025-06-16,49712,12897,14595,16479,5741
2025-06-17,48304,12597,14178,15968,5561
2025-06-18,47076,12320,13708,15625,5423
2025-06-19,46357,12066,13566,15418,5307
2025-06-20,46149,12022,13594,15118,5415
2025-06-21,47849,12454,14306,15540,5549
2025-06-22,48714,12675,14573,15771,5695
2025-06-23,47324,12219,14174,15363,5568
2025-06-24,46039,11835,13778,15033,5393
2025-06-25,45551,11697,13568,14942,5344
2025-06-26,45053,11505,13360,14899,5289
2025-06-27,45726,11624,13662,15116,5324
2025-06-28,48003,12237,14516,15659,5591
2025-06-29,49130,12535,14950,15970,5675
2025-06-30,47073,11995,14135,15471,5472
2025-07-01,46389,11683,13918,15438,5350
2025-07-02,45409,11413,13552,15214,5230
2025-07-03,43889,10998,13086,14764,5041
2025-07-04,44170,11147,13141,14803,5079
2025-07-05,47236,11922,14308,15569,5437
2025-07-06,48171,12190,14672,15737,5572
2025-07-07,47230,11922,14196,15540,5572
2025-07-08,46862,11833,14071,15503,5455
2025-07-09,46666,11845,13842,15573,5406
2025-07-10,46013,11554,13553,15514,5392
2025-07-11,47345,11952,14138,15796,5459
2025-07-12,49397,12574,14818,16250,5755
2025-07-13,50290,12891,15079,16452,5868
2025-07-14,49771,12674,15120,16192,5785
2025-07-15,49560,12439,15045,16317,5759
2025-07-16,49334,12331,14845,16338,5820
2025-07-17,48805,12231,14679,16209,5686
2025-07-18,49434,12360,14884,16413,5777
2025-07-19,50993,12808,15386,16868,5931
2025-07-20,52366,13131,15839,17238,6158
2025-07-21,50742,12610,15293,16811,6028
2025-07-22,49608,12220,15006,16528,5854
2025-07-23,48902,11918,14755,16526,5703
2025-07-24,48413,11810,14619,16381,5603
2025-07-25,48865,12034,14788,16433,5610
2025-07-26,50761,12623,15409,16953,5776
2025-07-27,51688,12816,15765,17213,5894
2025-07-28,50644,12513,15308,17014,5809
2025-07-29,49791,12419,14917,16782,5673
2025-07-30,49316,12381,14714,16657,5564
2025-07-31,48918,12224,14576,16668,5450
2025-08-01,48904,11991,14662,16767,5484
2025-08-02,50768,12506,15371,17214,5677
2025-08-03,51415,12706,15528,17423,5758
2025-08-04,49606,12114,14741,17116,5635
2025-08-05,48518,11582,14457,16896,5583
2025-08-06,47276,11239,13940,16643,5454
2025-08-07,46131,10943,13512,16459,5217
2025-08-08,45688,10793,13408,16283,5204
2025-08-09,48609,11529,14496,17066,5518
2025-08-10,49236,11776,14772,17177,5511
2025-08-11,47705,11363,14178,16881,5283
2025-08-12,46518,11356,13477,16612,5073
2025-08-13,45480,11113,13130,16371,4866
2025-08-14,44899,10878,13024,16221,4776
2025-08-15,46297,11302,13402,16576,5017
2025-08-16,47995,11708,14008,17077,5202
2025-08-17,48737,12015,14343,17191,5188
2025-08-18,46927,11628,13702,16606,4991
2025-08-19,46009,11391,13463,16462,4693
2025-08-20,44295,10889,12965,15923,4518
2025-08-21,43087,10618,12389,15762,4318
2025-08-22,43726,10765,12792,15843,4326
2025-08-23,46449,11480,13705,16582,4682
2025-08-24,47845,11808,14175,17008,4854
2025-08-25,46455,11407,13734,16634,4680
2025-08-26,45356,11041,13322,16420,4573
2025-08-27,44632,10848,13010,16337,4437
2025-08-28,43891,10571,12717,16295,4308
2025-08-29,44027,10640,12697,16461,4229
2025-08-30,46560,11335,13688,17044,4493
2025-08-31,47582,11625,14014,17353,4590
2025-09-01,45924,11164,13429,16916,4415
2025-09-02,44816,10825,13068,16595,4328
2025-09-03,43402,10383,12594,16138,4287
2025-09-04,42750,10143,12382,16021,4204
2025-09-05,43706,10365,12719,16210,4412
2025-09-06,45958,11015,13626,16684,4633
2025-09-07,46861,11271,13923,16860,4807
2025-09-08,45134,10745,13321,16449,4619
2025-09-09,43312,10338,12520,16075,4379
2025-09-10,42670,10169,12213,15999,4289
2025-09-11,42077,9895,12094,15790,4298
2025-09-12,42732,10118,12339,15995,4280
2025-09-13,45650,10927,13379,16746,4598
2025-09-14,46914,11294,13814,17111,4695
2025-09-15,44623,10640,12912,16551,4520
2025-09-16,42435,10125,12020,15940,4350
2025-09-17,41014,9586,11505,15667,4256
2025-09-18,39670,9309,10752,15425,4184
2025-09-19,39906,9278,10895,15511,4222
2025-09-20,41529,9803,11545,15779,4402
2025-09-21,42068,9937,11750,15949,4432
2025-09-22,39295,9201,10659,15296,4139
2025-09-23,37632,8704,10127,14888,3913
2025-09-24,35625,8231,9351,14354,3689
2025-09-25,34801,8009,9090,14109,3593
2025-09-26,34369,7929,8855,14009,3576
2025-09-27,36082,8482,9410,14414,3776
2025-09-28,36770,8695,9652,14479,3944
2025-09-29,34817,8131,8945,14029,3712
2025-09-30,34240,8033,8747,13811,3649
2025-10-01,32559,7689,8060,13406,3404
2025-10-02,31314,7249,7829,13015,3221
2025-10-03,32270,7455,8239,13235,3341
2025-10-04,32594,7562,8275,13371,3386
2025-10-05,30810,7076,7756,12857,3121
2025-10-06,28465,6389,7006,12216,2854
2025-10-07,27387,5992,6651,11975,2769
2025-10-08,26179,5687,6267,11608,2617
2025-10-09,25749,5662,6060,11425,2602
2025-10-10,25547,5572,5909,11404,2662
2025-10-11,26742,5902,6242,11743,2855
2025-10-12,26874,5920,6219,11817,2918
2025-10-13,25175,5634,5836,11097,2608
2025-10-14,23622,5337,5527,10553,2205
2025-10-15,22513,5070,5164,10118,2161
2025-10-16,21887,4885,5091,9705,2206
2025-10-17,22729,5229,5471,9748,2281
2025-10-18,24808,5800,6239,10276,2493
2025-10-19,25676,6142,6537,10429,2568
2025-10-20,24205,5843,6096,9812,2454
2025-10-21,23263,5630,5901,9351,2381
2025-10-22,21948,5257,5500,8911,2280
2025-10-23,21329,5102,5290,8713,2224
2025-10-24,21831,5351,5503,8663,2314
2025-10-25,24086,6053,6299,9185,2549
2025-10-26,24851,6199,6631,9397,2624
2025-10-27,23348,5825,6080,8983,2460
2025-10-28,23027,5665,6045,8892,2425
2025-10-29,22422,5405,5800,8834,2383
2025-10-30,22110,5379,5835,8598,2298
2025-10-31,22961,5485,6135,9019,2322
2025-11-01,24433,5965,6710,9231,2527
2025-11-02,25419,6297,7034,9432,2656
2025-11-03,24014,5787,6561,9180,2486
2025-11-04,22949,5573,6199,8825,2352
2025-11-05,21560,5150,5766,8472,2172
2025-11-06,21050,4903,5655,8400,2092
2025-11-07,20760,4767,5423,8468,2102
2025-11-08,22416,5297,6035,8830,2254
2025-11-09,22828,5427,6089,8985,2327
2025-11-10,20113,4619,5393,8083,2018
2025-11-11,19009,4216,5039,7799,1955
2025-11-12,18119,3946,4916,7380,1877
2025-11-13,18411,4105,4960,7360,1986
2025-11-14,19796,4519,5458,7731,2088
2025-11-15,21910,5082,6140,8342,2346
2025-11-16,22943,5381,6519,8571,2472
2025-11-17,21432,4848,6012,8284,2288
2025-11-18,20376,4533,5702,8002,2139
2025-11-19,19233,4195,5253,7772,2013
2025-11-20,18886,4158,5060,7710,1958
2025-11-21,20408,4394,5608,8186,2220
2025-11-22,22834,5013,6473,8798,2550
2025-11-23,24070,5363,6902,9101,2704
2025-11-24,23057,5139,6449,8748,2721
2025-11-25,22019,4937,6145,8331,2606
2025-11-26,21900,4871,5992,8403,2634
2025-11-27,21985,4878,6024,8470,2613
2025-11-28,22971,5208,6392,8619,2752
2025-11-29,24793,5684,7106,9110,2893
2025-11-30,25817,5927,7451,9363,3076
2025-12-01,24058,5351,6748,9102,2857
2025-12-02,22833,4849,6243,8996,2745
2025-12-03,21042,4324,5584,8586,2548
2025-12-04,19722,3891,5118,8248,2465
2025-12-05,19709,4004,5072,8229,2404
2025-12-06,21106,4392,5667,8504,2543
2025-12-07,21892,4665,5965,8630,2632
2025-12-08,20013,4110,5328,8122,2453
2025-12-09,18811,3720,4988,7796,2307
2025-12-10,17962,3651,4641,7516,2154
2025-12-11,17785,3542,4616,7476,2151
2025-12-12,19341,4086,5080,7845,2330
2025-12-13,21479,4682,5868,8335,2594
2025-12-14,22590,4946,6307,8602,2735
2025-12-15,20992,4486,5665,8305,2536
2025-12-16,19626,4099,5179,7972,2376
2025-12-17,18708,3887,4838,7758,2225
2025-12-18,17922,3773,4655,7456,2038
2025-12-19,18909,3995,4958,7758,2198
2025-12-20,20378,4360,5468,8156,2394
2025-12-21,21404,4707,5822,8493,2382
2025-12-22,20809,4523,5730,8160,2396
2025-12-23,19973,4207,5510,7899,2357
2025-12-24,20517,4267,5686,8101,2463
2025-12-25,19286,4014,5276,7771,2225
2025-12-26,20217,4254,5572,8076,2315
2025-12-27,22655,4904,6390,8696,2665
2025-12-28,24030,5364,6887,8946,2833
2025-12-29,23134,5180,6493,8729,2732
2025-12-30,23674,5225,6765,8992,2692
2025-12-31,23307,5164,6554,8898,2691
